id,domain,status,purchase_price,renewal_price,attractiveness,demand,length,registrar,created_at,expires_at,status_verified_at
791d0a7b-5ada-4a44-a288-c1286edebe0b,boyfriend.cards,available,38.99,38.99,high,low,9,namesilo,,,22/09/2026 21:55
3ddeb510-b80d-4df0-ad80-ce2f1e6384e3,liver.cards,available,3.99,50.99,high,low,5,name.com,,,24/08/2026 08:02
ece0b13c-3780-4142-9858-22cc684bc5f6,xxxii.cards,available,3.99,50.99,medium,low,5,name.com,,,
300d56c3-7711-4c8f-96fc-a0aa1e6881c2,shortfall.cards,available,38.99,38.99,medium,low,9,namesilo,,,29/09/2026 13:34
7a7b06e2-d852-4590-a1ca-2e772f615106,marlene.cards,available,31.25,31.25,medium,low,7,spaceship,,,28/09/2026 22:01
f53b99ac-e541-4fb4-9bce-66670713322b,accidental.cards,available,3.99,50.99,high,low,10,name.com,,,
a4abcf79-a8a7-4da9-a6de-298bc2918651,saxon.cards,available,38.99,38.99,high,low,5,namesilo,,,09/09/2026 22:11
38ce715f-4eed-44eb-8e06-1a6b75136e23,neutralize.cards,available,31.25,31.25,high,low,10,spaceship,,,01/10/2026 04:11
d43f17c8-b4f4-45f1-b376-34abb73bcea7,daringly.cards,available,38.99,38.99,medium,low,8,namesilo,,,14/09/2026 10:37
5c1730b2-9abb-4ad2-9557-1971ff51c763,voluntary.cards,available,38.99,38.99,high,low,9,namesilo,,,13/09/2026 07:07
f7352524-d36c-43d3-9e42-9eee62f3f1aa,optionally.cards,available,38.99,38.99,medium,low,10,namesilo,,,28/09/2026 16:29
eabdc5b9-520f-4a4f-80f6-7e6e82f472ad,bidder.cards,available,38.99,38.99,medium,low,6,namesilo,,,23/09/2026 13:43
5d2ce247-dd0f-4b32-a8dd-34cc74259537,atrial.cards,available,3.99,50.99,low,low,6,name.com,,,07/08/2026 14:24
ac1b0848-6f08-45df-b00b-c18b16bc3b47,passages.cards,available,31.25,31.25,medium,low,8,spaceship,,,29/09/2026 16:50
47e85e9c-6829-4930-b120-9d73963acd35,unblinking.cards,available,38.99,38.99,medium,low,10,namesilo,,,12/09/2026 02:16
4758d5b4-0fb4-4274-9c7a-545f673bfac7,stagecoach.cards,available,38.99,38.99,medium,low,10,namesilo,,,01/10/2026 03:54
330ade61-c1e6-418d-82ae-da7b75193d77,extension.cards,available,31.25,31.25,high,low,9,spaceship,,,28/09/2026 21:27
556b901c-1abf-484b-83f1-b1d21c85ff00,sultan.cards,available,30.2,30.2,high,low,6,cloudflare,,,29/09/2026 12:57
eec1d3da-6168-4128-9c53-2440cb3b75a6,unloved.cards,available,38.99,38.99,medium,low,7,namesilo,,,12/09/2026 15:10
f6757ee4-dedc-4141-8f61-0e0d07ac4928,violent.cards,available,38.99,38.99,high,low,7,namesilo,,,11/09/2026 09:46
30ae8fa3-c188-43a5-8310-1e587417315e,peso.cards,available,38.99,38.99,high,low,4,namesilo,,,24/09/2026 14:37
9dc96f23-9932-4da2-b664-9595e4df6f01,confidant.cards,available,3.99,50.99,high,low,9,name.com,,,22/08/2026 08:30
4f39c68f-908d-4482-a100-1a3f839ec818,dive.cards,available,38.99,38.99,high,low,4,namesilo,,,29/09/2026 16:23
01e41879-285e-420e-943d-93cc1b128efe,carbonado.cards,available,38.99,38.99,medium,low,9,namesilo,,,24/09/2026 00:32
eb0aff6b-7865-4a36-8fb5-f3c5d3660b57,bankia.cards,available,38.99,38.99,medium,low,6,namesilo,,,22/09/2026 02:48
44df4565-25e2-4b71-a8f9-ed28b74b8ccb,amun.cards,available,40.98,48.98,medium,low,4,namecheap,,,18/09/2026 18:29
48c9214f-81f4-4ca7-a96a-693e95374a1e,fragrant.cards,available,3.99,50.99,high,low,8,name.com,,,18/08/2026 14:03
b9a6cc2b-a8f2-48cb-842a-a6426fdd3eee,ordeal.cards,available,40.98,48.98,medium,low,6,namecheap,,,29/09/2026 07:47
c2d641d5-7984-4810-aafa-32682f50be0e,fledged.cards,available,3.99,50.99,medium,low,7,name.com,,,18/08/2026 07:25
bf5cd3f9-b09c-43c0-a579-214e664ff587,jerky.cards,available,3.99,50.99,high,low,5,name.com,,,06/08/2026 22:03
296866d6-325f-4fa2-a6c3-7463bf2df7bc,parochial.cards,available,38.99,38.99,medium,low,9,namesilo,,,08/09/2026 01:46
a48b451b-8676-433a-969e-e650edfa0e14,chavez.cards,available,30.2,30.2,high,low,6,cloudflare,,,28/09/2026 01:29
aaccd4ce-90d2-413a-b73a-92e29ca31899,thievery.cards,available,38.99,38.99,medium,low,8,namesilo,,,11/09/2026 13:20
2095cf28-baf4-4868-86df-0f74518d0194,lollygag.cards,available,38.99,38.99,medium,low,8,namesilo,,,11/09/2026 08:29
9216d7e0-d4df-405d-9f97-91b26205ffbf,variant.cards,available,38.99,38.99,high,low,7,namesilo,,,13/09/2026 01:15
c1591f50-4fb8-4a70-9f57-23126eec480f,confuse.cards,available,40.98,48.98,high,low,7,namecheap,,,30/09/2026 15:38
37be5c3e-3f8c-4a67-a2b2-dedca18270b0,wideband.cards,available,38.99,38.99,high,low,8,namesilo,,,13/09/2026 11:50
bf2edf20-77f1-4da7-a782-34f24385d43b,airlike.cards,available,3.99,50.99,medium,low,7,name.com,,,
edcce938-933a-4648-8e45-9ee8cd16ce82,stoppers.cards,available,38.99,38.99,medium,low,8,namesilo,,,20/09/2026 12:45
12e7064f-e19e-4a86-9075-71cfda5b0de8,nett.cards,available,38.99,38.99,high,low,4,namesilo,,,03/09/2026 15:52
0adb7cc3-53cf-46a8-bfd9-6b7a80dae466,primal.cards,available,3.99,50.99,high,low,6,name.com,,,11/08/2026 18:56
e69eb303-3e96-4126-aa28-9c019308437a,adenovirus.cards,available,38.99,38.99,medium,low,10,namesilo,,,17/09/2026 07:41
2b887343-aa1c-4050-9fe0-b3e9fc62d108,windflower.cards,available,38.99,38.99,high,low,10,namesilo,,,19/09/2026 05:19
2c9d6807-7622-4836-ba94-a82f9b6ef89c,vaccinated.cards,available,3.99,50.99,high,low,10,name.com,,,21/08/2026 21:34
012b343f-5af0-4da3-91e3-581b67f7d9c9,nations.cards,available,30.2,30.2,medium,low,7,cloudflare,,,27/09/2026 22:54
e354e97d-3091-4643-836b-788591151824,agrostemma.cards,available,40.98,48.98,medium,low,10,namecheap,,,17/09/2026 19:51
7bbf2af0-4444-4cdc-a404-9d8d1259af1d,valent.cards,available,38.99,38.99,medium,low,6,namesilo,,,13/09/2026 00:54
fd499835-0c74-4eaf-b8a5-fb4dcef04d55,gigantic.cards,available,3.99,50.99,high,low,8,name.com,,,18/08/2026 23:29
4a44f78d-7697-40cf-9c3a-440bba352ca2,supersonic.cards,available,38.99,38.99,high,low,10,namesilo,,,11/09/2026 02:25
5c3cdec4-1343-48a4-8ab7-8e9da87116c1,napped.cards,available,3.99,50.99,medium,low,6,name.com,,,18/08/2026 07:44
946b8a29-2e93-4870-a080-1077797e3f94,groups.cards,available,3.99,,high,low,6,name.com,,,
717bc749-192f-4950-b784-3aa57dc71e1a,ditch.cards,available,38.99,38.99,high,low,5,namesilo,,,24/09/2026 23:15
95d3cc66-76e8-4b96-b9ad-3fa0d364f1c6,leonine.cards,available,3.99,50.99,medium,low,7,name.com,,,22/08/2026 23:57
f2fa0119-f28b-4ca4-8966-9474539c7d6d,sinusoidal.cards,available,38.99,38.99,high,low,10,namesilo,,,10/09/2026 08:42
11271e69-6573-4772-bf97-4feb9f48c364,damning.cards,available,3.99,50.99,medium,low,7,name.com,,,13/08/2026 16:33
b10e54fc-427b-4b37-9180-55f8ab8a550c,voters.cards,available,2.5,32.21,medium,low,6,dynadot,,,29/09/2026 10:41
86c8bd52-1f23-4113-a79d-be651082e0f2,iwo.cards,available,2.5,32.21,medium,low,3,dynadot,,,29/09/2026 19:21
cdc608b3-c6b9-4e5d-bd62-ec9668a069ec,bolshie.cards,available,3.99,50.99,medium,low,7,name.com,,,10/08/2026 17:55
e060c401-587f-4a8a-b72f-2627371590bb,nimitz.cards,available,38.99,38.99,medium,low,6,namesilo,,,17/09/2026 08:52
ac1c8e0f-e719-479c-b5b5-9c77a950b0bb,builds.cards,available,30.2,30.2,medium,low,6,cloudflare,,,28/09/2026 17:56
043d153f-2be9-417e-b632-f908d82405ca,articles.cards,available,2.5,32.21,high,low,8,dynadot,,,28/09/2026 04:25
84976b81-7231-4937-9545-dcad9391fb82,mussy.cards,available,3.99,50.99,medium,low,5,name.com,,,24/08/2026 21:24
bd7979c0-9634-400b-8cb5-514450ded68d,bated.cards,available,3.99,50.99,medium,low,5,name.com,,,09/08/2026 00:22
051bd867-a713-4bf2-9f56-7edd2739dc3c,chunk.cards,available,38.99,38.99,medium,low,5,namesilo,,,29/09/2026 06:21
7619abaa-ac8f-407f-ba35-4dec982aa5e7,lightning.cards,available,38.99,38.99,high,medium,9,namesilo,,,27/09/2026 14:47
9c71fdac-8da2-4db8-ade4-ebeff8644a0a,purchasing.cards,available,38.99,38.99,high,low,10,namesilo,,,24/09/2026 11:23
541d8890-a636-4ccf-b4c9-7f086efc3dfb,volition.cards,available,38.99,38.99,high,low,8,namesilo,,,13/09/2026 12:00
07057416-40db-482f-991c-2fb1dd6047e4,cameras.cards,available,40.98,48.98,high,low,7,namecheap,,,25/09/2026 20:54
a1da11d3-9b16-4d7d-bc6f-1918db901b65,martyrs.cards,available,38.99,38.99,medium,low,7,namesilo,,,30/09/2026 15:31
a7710081-a84b-4b5e-9cb6-a4d11ee43a10,unadvised.cards,available,3.99,50.99,medium,low,9,name.com,,,21/08/2026 18:49
951207b7-fef4-4dd5-8935-4f3be794bfcc,underneath.cards,available,38.99,38.99,high,low,10,namesilo,,,16/09/2026 09:57
b1ca9630-94c2-4308-978e-8ba98ba6660c,ming.cards,available,31.25,31.25,high,low,4,spaceship,,,28/09/2026 02:26
42e24f8d-75f4-44d2-a81f-0e41577f212a,stoker.cards,available,38.99,38.99,medium,low,6,namesilo,,,16/09/2026 16:53
5b7b62ea-c634-4fed-868b-605e26d5b0f7,prostitution.cards,available,38.99,38.99,medium,low,12,namesilo,,,28/09/2026 17:12
dc3b4d36-116e-410c-93a8-15298e0d30d0,felted.cards,available,3.99,50.99,medium,low,6,name.com,,,18/08/2026 01:00
0e21d04f-1149-46ac-b649-c7c59420f38c,formulary.cards,available,3.99,50.99,medium,low,9,name.com,,,18/08/2026 12:20
e3aeac92-f657-465b-a5e3-61df45cb4be7,refinery.cards,available,38.99,38.99,high,low,8,namesilo,,,30/09/2026 02:41
ade7a2bc-86c9-4735-a0fe-1b7b65a8e198,salerno.cards,available,30.2,30.2,medium,low,7,cloudflare,,,29/09/2026 08:00
b5d48e17-6f2a-4704-bfbd-68971ed3d8c2,crushed.cards,available,3.99,50.99,high,low,7,name.com,,,13/08/2026 09:11
ea71d0c5-19b7-4740-a0ca-b425ffac70a2,sourcecode.cards,available,38.99,38.99,high,low,11,namesilo,,,08/09/2026 07:26
56dd9d8d-4d64-4c37-aee2-af39e1070701,braggart.cards,available,3.99,50.99,medium,low,8,name.com,,,11/08/2026 01:16
37f0db2e-5645-48aa-8a0d-d71a172039fd,subacid.cards,available,38.99,38.99,medium,low,7,namesilo,,,10/09/2026 23:22
5a15c9f5-9a48-4082-99e0-9d36ccb52d89,toni.cards,available,38.99,38.99,high,low,4,namesilo,,,27/09/2026 07:46
cb1c239a-c452-41eb-aeca-4295b84bc600,weimar.cards,available,38.99,38.99,medium,low,6,namesilo,,,26/09/2026 00:31
cd3502b7-f805-41be-a82a-fe43f42c4746,laurent.cards,available,40.98,48.98,medium,low,7,namecheap,,,27/09/2026 09:55
d4bfe77c-13cf-426d-b0a1-acab14849b38,crucifix.cards,available,38.99,38.99,high,low,8,namesilo,,,30/09/2026 16:50
f5148c2a-39c3-471e-9ba4-3b96800d4691,hilda.cards,available,31.25,31.25,medium,low,5,spaceship,,,27/09/2026 19:38
54e80d3c-359d-4149-97c4-3f018dec1f72,earthquake.cards,available,38.99,38.99,high,low,10,namesilo,,,27/09/2026 13:14
71bc718b-1e9f-4269-88dc-2b23b56b3aec,productions.cards,premium,102.67,102.67,medium,low,11,spaceship,,,30/09/2026 00:05
79e957a4-fdc6-4487-9964-839310a9c319,larval.cards,available,3.99,50.99,medium,low,6,name.com,,,22/08/2026 20:01
6f7682a4-d942-40e1-856d-73813a455d9b,gus.cards,premium,46.99,41.25,high,low,3,name.com,,,25/09/2026 15:07
f79731a7-9db4-4fe7-a0ec-8db69a54af29,linchpin.cards,available,40.98,48.98,high,low,8,namecheap,,,21/09/2026 15:17
7d6d6f03-e981-49a9-8cbe-ea9f9122d25f,motorcycle.cards,available,2.57,31.41,high,low,10,porkbun,,,30/09/2026 22:56
a59c9e34-6801-421c-b338-57a7f843cde5,ablation.cards,available,38.99,38.99,medium,low,8,namesilo,,,16/09/2026 16:05
ed5cd17b-e03f-452d-a81e-09dd0ad9f6e9,eastwards.cards,available,3.99,50.99,medium,low,9,name.com,,,14/08/2026 23:00
92682716-e803-4f5d-b4fe-81227a3c8c29,flurry.cards,available,38.99,38.99,medium,low,6,namesilo,,,17/09/2026 09:17
673f8464-6399-4bdd-8e61-0677b4f2a7ea,traditionally.cards,available,2.5,32.21,medium,low,13,dynadot,,,29/09/2026 20:59
7166e35c-8270-4cad-83e8-7d5ae8924e93,dennis.cards,available,38.99,38.99,high,low,6,namesilo,,,25/09/2026 13:58
bae785f0-c223-4d30-9fc2-a4be71081f8e,slippy.cards,available,38.99,38.99,medium,low,6,namesilo,,,10/09/2026 11:03
3610b3d7-70be-44e1-a856-712edc13a62b,moth.cards,available,31.25,31.25,high,low,4,spaceship,,,28/09/2026 19:56
62bae3ad-bbac-4af9-9015-37e7696e23d9,leasing.cards,available,3.99,,high,low,7,name.com,,,
8cac53aa-2af3-4c3f-9adf-3552ad0c50e5,bottled.cards,available,31.25,31.25,medium,low,7,spaceship,,,29/09/2026 03:12
689d6aca-41a6-4bcd-b0ff-c5f463355a6d,immigrants.cards,available,31.25,31.25,medium,low,10,spaceship,,,29/09/2026 17:14
4136cf33-48c7-44ef-b1fa-35396cffd23e,berserk.cards,available,3.99,50.99,medium,low,7,name.com,,,
f5ab92a0-59f7-44a1-a1e5-1119328e6a26,silas.cards,available,2.5,32.21,high,low,5,dynadot,,,27/09/2026 19:41
19a1bcbf-480f-4388-b47c-4e8981cd604e,flirting.cards,available,31.25,31.25,high,low,8,spaceship,,,29/09/2026 06:25
8c0617e4-487a-439e-b381-b4619dcef0d2,idly.cards,available,38.99,38.99,high,low,4,namesilo,,,15/09/2026 01:38
a321ca47-56c9-4b71-bb9d-e32f0618faa8,atrovent.cards,available,38.99,38.99,medium,low,8,namesilo,,,21/09/2026 01:03
30332945-6a75-46fa-94f0-6f08c183c4c7,few.cards,premium,78.54,78.54,high,low,3,namesilo,,,24/09/2026 17:38
71644c44-6f7d-4fc8-b121-b41ae6706f99,growing.cards,available,40.98,48.98,high,low,7,namecheap,,,19/09/2026 05:23
f50f79d7-8cdd-4cf7-8333-95101898368e,hines.cards,available,40.98,48.98,high,low,5,namecheap,,,27/09/2026 07:58
2d20226a-7213-4ae6-9186-0e05abdd11fe,mid.cards,premium,36.32,72.57,high,low,3,porkbun,,,01/10/2026 03:57
29465001-4a69-4944-9a16-a76d3460cb2f,cathouse.cards,available,40.98,48.98,medium,low,8,namecheap,,,21/09/2026 18:24
b53eddbb-6c87-44bf-aa3b-bb24452caba3,realist.cards,available,31.25,31.25,high,low,7,spaceship,,,30/09/2026 02:40
fc02b1ee-49f9-4144-ba54-a613d78c2610,ariana.cards,available,38.99,38.99,high,low,6,namesilo,,,20/09/2026 05:10
67c7e951-a49b-4c19-8c5b-a74648bbf470,patrol.cards,available,38.99,38.99,high,low,6,namesilo,,,25/09/2026 23:57
078fbc23-4e30-4295-8250-65a9426d3629,palo.cards,available,38.99,38.99,medium,low,4,namesilo,,,27/09/2026 01:51
4a26930d-25ac-49a1-932d-bd9859d36b3b,separable.cards,available,3.99,50.99,medium,low,9,name.com,,,14/08/2026 12:50
00b1dbbb-6f3b-4857-a109-85ce9125b125,hats.cards,available,38.99,38.99,high,low,4,namesilo,,,18/09/2026 07:32
031df5f1-51f8-4b94-a2f8-15c0c6d0e3ae,fragile.cards,available,3.99,50.99,high,low,7,name.com,,,18/08/2026 13:57
43f591fb-010c-4f9a-b17e-bd1ed5f25e66,frisian.cards,available,3.99,50.99,medium,low,7,name.com,,,18/08/2026 15:59
6082b7b0-d172-44b8-9a02-41afa46bd968,mole.cards,available,2.5,32.21,high,low,4,dynadot,,,27/09/2026 11:53
f53e41db-892d-4caf-90f3-48fe434e534a,poolside.cards,available,3.99,,high,low,8,name.com,,,
1f3345d9-0deb-4288-b7dd-9b9ba24b517b,highlighting.cards,available,3.99,,high,low,12,name.com,,,
9fd5833c-4bf0-4fa3-935c-0590701249c6,embrace.cards,available,31.25,31.25,high,low,7,spaceship,,,29/09/2026 17:59
ac55ba41-ff65-4f13-94b0-fc49785968e6,circumference.cards,available,30.2,30.2,medium,low,13,cloudflare,,,30/09/2026 03:32
555193ba-d2db-4e82-8013-b8778ec2f1a6,loire.cards,available,30.2,30.2,medium,low,5,cloudflare,,,28/09/2026 14:48
c0f21b9a-bc97-4df7-a6a1-4e3a69a0d6ea,arching.cards,available,3.99,50.99,high,low,7,name.com,,,06/08/2026 14:39
adeaaf84-12ab-438f-ba9f-577b9c1bbbce,adelaide.cards,available,38.99,38.99,high,low,8,namesilo,,,17/09/2026 07:13
23f25c2d-0d71-4b09-af8c-4467212260eb,critter.cards,available,40.98,48.98,high,low,7,namecheap,,,24/09/2026 19:33
19330ae0-9d75-4f9e-b0c1-e114197aa3ff,apanage.cards,available,38.99,38.99,medium,low,7,namesilo,,,19/09/2026 16:12
09187419-c28b-439a-a8be-35bd7e9151a3,wagering.cards,available,38.99,38.99,medium,low,8,namesilo,,,28/09/2026 11:01
270649a8-be63-40dd-a72c-c80f74c5f3f7,orthoptic.cards,available,40.98,48.98,medium,low,9,namecheap,,,04/09/2026 18:06
f058579f-12e0-4560-9a6a-8dfbbb2f720e,cousin.cards,available,40.98,48.98,high,low,6,namecheap,,,24/09/2026 18:49
7e2c587c-a102-4975-a252-b4cf8371d9cd,junctions.cards,available,38.99,38.99,medium,low,9,namesilo,,,27/09/2026 03:20
e15d25ea-8a72-41a7-ae9b-a9e3322d83fc,harriman.cards,available,38.99,38.99,medium,low,8,namesilo,,,21/09/2026 09:11
dbb1b55c-8ada-4ab1-88cd-2000c37a5785,awestruck.cards,available,3.99,50.99,medium,low,9,name.com,,,08/08/2026 01:00
4f7f7ae3-18ed-4ecc-940f-47d2a462bddf,document.cards,available,2.57,31.41,high,low,8,porkbun,,,29/09/2026 16:26
a3d6d37a-232b-4bd5-b344-181d603f2599,wardrobe.cards,available,40.98,48.98,high,low,8,namecheap,,,28/09/2026 06:52
84d78c20-8452-44d8-93f4-bfefb52a1ba5,vagrant.cards,available,3.99,50.99,high,low,7,name.com,,,14/08/2026 19:18
3586a3eb-2f78-46b3-a698-52ce37d3d0cd,cutaneal.cards,available,3.99,50.99,medium,low,8,name.com,,,13/08/2026 12:57
f069b074-7e4b-4eff-83f1-0c0cce58245e,bordering.cards,available,38.99,38.99,high,low,9,namesilo,,,30/09/2026 12:10
a4951f55-474a-438b-ae2b-c526dfd7d7fa,descended.cards,available,2.5,32.21,medium,low,9,dynadot,,,29/09/2026 10:16
06c9f799-7b87-4e3f-b792-1e228b8db702,husky.cards,available,,,high,medium,5,,,,
c7beefbf-0c51-4b75-b9f7-74f5b45db848,calla.cards,available,40.98,48.98,high,low,5,namecheap,,,20/09/2026 12:12
e463b7f3-0a43-4150-b33e-45d072a8d7a7,shines.cards,available,30.2,30.2,medium,low,6,cloudflare,,,29/09/2026 17:16
9a00ea06-22c8-402d-96de-c52b344ce9cd,armory.cards,available,38.99,38.99,high,low,6,namesilo,,,20/09/2026 07:31
5026b521-5e5e-466b-b248-5aa371659b0d,levy.cards,available,40.98,48.98,high,low,4,namecheap,,,30/09/2026 02:08
dc83017e-c7d6-4aa6-97c0-a319ba399063,holman.cards,available,38.99,38.99,high,low,6,namesilo,,,28/09/2026 04:15
ceae3491-595a-4371-99e4-8a4a596a18a0,lakes.cards,available,38.99,38.99,high,low,5,namesilo,,,29/09/2026 09:25
198f5b40-dfdc-4a12-b4e8-84548d97f064,dealings.cards,available,2.57,31.41,high,low,8,porkbun,,,29/09/2026 18:35
be142f4f-e88e-4750-b5a0-f3908a650b12,abstractor.cards,available,40.98,48.98,medium,low,10,namecheap,,,16/09/2026 18:29
d1001252-6e17-43cd-b6b7-5b28b321e8f1,aaa.cards,premium,85.8,85.8,high,medium,3,namecheap,,,28/09/2026 16:55
a9814fdf-6957-44ee-98e5-22b77266a1e5,polyhedral.cards,available,38.99,38.99,medium,low,10,namesilo,,,08/09/2026 23:24
89a9d69a-42fc-486b-90c2-63001cd4d0a8,hourlong.cards,available,3.99,50.99,medium,low,8,name.com,,,21/08/2026 14:22
0975bc47-5de9-489a-b1f5-492efe933cee,comical.cards,available,38.99,38.99,high,low,7,namesilo,,,23/09/2026 15:19
1bf776ba-490c-4b8a-b07a-c131c7117e99,regulations.cards,available,31.25,31.25,medium,low,11,spaceship,,,28/09/2026 04:25
0f36653f-ac2f-41f6-b7ce-4146729d2949,piping.cards,available,38.99,38.99,medium,low,6,namesilo,,,10/09/2026 19:43
e99cbc77-b5dd-4c1a-a5b6-11dd326bec7a,juarez.cards,available,31.25,31.25,medium,low,6,spaceship,,,29/09/2026 18:22
f4c4e693-3405-4027-ab4b-b5d6f960eb2b,showers.cards,available,40.98,48.98,medium,low,7,namecheap,,,28/09/2026 23:39
856d9c82-5982-443a-bb7f-b1d6c3173750,knobby.cards,available,3.99,50.99,medium,low,6,name.com,,,22/08/2026 16:29
2e053cac-7819-4dd8-8bf3-697ff3aee8e6,contains.cards,available,40.98,48.98,medium,low,8,namecheap,,,18/09/2026 15:08
7e586c26-60dc-4445-85a6-6389af12bacf,passee.cards,available,3.99,50.99,medium,low,6,name.com,,,14/08/2026 01:19
fca7e05e-661f-4116-aa74-4d80e1719ca7,abysm.cards,available,38.99,38.99,medium,low,5,namesilo,,,16/09/2026 19:45
f037686d-e319-487a-90a2-894bf19340c2,airlines.cards,available,30.2,30.2,medium,low,8,cloudflare,,,28/09/2026 17:53
ed9340a8-b832-46fb-be6d-67619109c486,albright.cards,available,38.99,38.99,medium,low,8,namesilo,,,28/09/2026 12:24
ffaa3039-e082-43cb-a87e-f99858fd8017,nontoxic.cards,available,40.98,48.98,medium,low,8,namecheap,,,18/09/2026 21:11
00bf1cde-5295-4eab-a733-ffa820d4b786,tucked.cards,available,40.98,48.98,high,low,6,namecheap,,,11/09/2026 21:02
d9f990d5-bc3f-49c7-a608-a0b659af567e,comeback.cards,available,2.57,31.41,high,low,8,porkbun,,,29/09/2026 18:25
b64fb8c0-cb45-459b-9dc5-64beb86d37ea,clench.cards,available,38.99,38.99,medium,low,6,namesilo,,,24/09/2026 15:33
8d36b1a9-ec53-48d9-a613-ff0b55e0cff8,paulson.cards,available,31.25,31.25,medium,low,7,spaceship,,,30/09/2026 13:15
6d12eb1e-8a1c-44b0-9312-6a023f259881,baltic.cards,available,,,high,low,6,,,,
65f26f96-65e1-4722-b742-142f7768f911,worry.cards,available,30.2,30.2,high,low,5,cloudflare,,,29/09/2026 22:21
c99c0a46-afd3-42d9-8213-33e90ed276f3,wrinkles.cards,available,40.98,48.98,medium,low,8,namecheap,,,16/09/2026 13:02
4e312296-a096-4f0c-94c7-ee954c5d4630,oates.cards,available,31.25,31.25,medium,low,5,spaceship,,,28/09/2026 19:34
4320008d-d328-4dcd-b9ac-83487d942b80,oddball.cards,available,3.99,50.99,high,low,7,name.com,,,14/08/2026 23:25
e60a6089-1e8b-4213-a2cd-2451f7632716,streets.cards,available,3.99,,high,low,7,name.com,,,
7b77f296-d8a8-4a71-bcef-db7e13919d8c,hexangular.cards,available,3.99,50.99,medium,low,10,name.com,,,21/08/2026 07:48
17ff9e35-37c2-44f8-8f82-5d6c48b3c828,adorer.cards,available,38.99,38.99,medium,low,6,namesilo,,,17/09/2026 09:45
ce95beed-d277-4d72-b695-87c1e553f82b,barons.cards,available,30.2,30.2,medium,low,6,cloudflare,,,30/09/2026 13:35
f2b4cbc1-9d3a-45bd-918e-ab117cde1794,gallons.cards,available,31.25,31.25,low,low,7,spaceship,,,28/09/2026 23:47
6784b2fa-7246-492e-a8e5-170524688728,handiness.cards,available,38.99,38.99,medium,low,9,namesilo,,,16/09/2026 22:18
f1b9548e-a6c4-4ec6-9b9c-f13929e370f7,norther.cards,available,3.99,50.99,medium,low,7,name.com,,,03/09/2026 21:34
9bf6cbfe-cd7e-4df2-a59a-3f36ea0ae8f5,tellurian.cards,available,38.99,38.99,medium,low,9,namesilo,,,11/09/2026 10:37
931a5af8-ad40-4e58-9f63-4659b22dd5e5,cleveland.cards,available,31.25,31.25,high,low,9,spaceship,,,29/09/2026 10:02
cd532327-e7ad-45ee-b73d-838bf93458d8,hasten.cards,available,38.99,38.99,medium,low,6,namesilo,,,09/09/2026 19:47
f07e8b59-5d14-4a68-81e8-5b7a6ecde8b5,linguist.cards,available,38.99,38.99,high,low,8,namesilo,,,08/09/2026 23:18
c28e52fa-b443-4dda-8e7b-57ba1acbba51,stochastic.cards,available,40.98,48.98,medium,low,10,namecheap,,,10/09/2026 20:50
5a7d13a6-d3e5-4860-bfc2-215551b4164f,ailing.cards,available,3.99,50.99,high,low,6,name.com,,,
02fba163-574b-47b6-a744-eb754d600be0,concordia.cards,available,2.57,31.41,high,low,9,porkbun,,,27/09/2026 20:47
988a0910-8312-49ba-bac0-74334a785136,sideboard.cards,available,38.99,38.99,high,low,9,namesilo,,,24/09/2026 10:55
0abb6ffa-ecab-48b1-a13a-fecb51f3faea,crisis.cards,available,40.98,48.98,high,low,6,namecheap,,,24/09/2026 19:30
dc939d92-b3d6-4650-bc41-9b857febf2bc,cruising.cards,available,40.98,48.98,high,low,8,namecheap,,,29/09/2026 05:15
10b00b2f-dd4a-4793-b7b1-356ade67fe5c,crevice.cards,available,3.99,50.99,high,low,7,name.com,,,13/08/2026 04:16
68402e7b-4d5a-4431-88f9-c73c7a8a7bbd,affix.cards,available,38.99,38.99,high,low,5,namesilo,,,17/09/2026 14:37
430d8297-6caf-4057-9c30-f9c7bc3a9808,tenerife.cards,available,31.25,31.25,high,low,8,spaceship,,,01/10/2026 04:01
4880f644-2746-4569-b14e-beeaa74f45dd,blues.cards,available,30.2,30.2,high,low,5,cloudflare,,,29/09/2026 03:01
df5ef233-3922-48e0-bead-718c4506e659,crooner.cards,available,40.98,48.98,medium,low,7,namecheap,,,21/09/2026 22:42
c1602988-d727-4c5f-b331-52e2ee9fa1e5,disarm.cards,available,38.99,38.99,high,low,6,namesilo,,,30/09/2026 11:23
a8420c04-a8c3-4a75-a4a1-c511a4e67fce,truths.cards,available,30.2,30.2,medium,low,6,cloudflare,,,30/09/2026 06:17
4b91bbc7-7b70-450a-92aa-521d2d343767,typewriters.cards,available,38.99,38.99,medium,low,11,namesilo,,,21/09/2026 07:13
914cac3a-ca63-4ae2-a4d4-a05c6f3eae10,napoleonic.cards,available,38.99,38.99,medium,low,10,namesilo,,,03/09/2026 13:00
6600f371-973b-4966-bd5a-09fb3621e8ee,upbringing.cards,available,31.25,31.25,high,low,10,spaceship,,,29/09/2026 18:06
8f5cd81d-3055-41fe-ae79-8fc7a4fc7f08,cyprinoid.cards,available,3.99,50.99,medium,low,9,name.com,,,13/08/2026 14:30
a99670ad-b862-4150-9e0b-e06b0e9c705f,soulfully.cards,available,38.99,38.99,high,low,9,namesilo,,,16/09/2026 05:30
c7c4a6dd-6904-4be8-8554-2a263a2935f5,dependance.cards,available,40.98,48.98,medium,low,10,namecheap,,,17/09/2026 06:55
276f3c17-9b14-4714-a977-f62ec53ec161,strains.cards,available,31.25,31.25,medium,low,7,spaceship,,,30/09/2026 07:15
8a62383b-a635-49ff-826f-5b37733f2ce8,congrats.cards,available,3.99,,high,low,8,name.com,,,
eac00df7-493e-47f6-8c66-2c1d3f797f3e,civilized.cards,available,3.99,50.99,high,low,9,name.com,,,12/08/2026 09:06
1c0d562c-214c-4ce6-96c1-a2bff39ef2df,york.cards,available,38.99,38.99,high,low,4,namesilo,,,29/09/2026 23:04
17d86b30-4ce7-4e11-963d-27a1ecea74f0,ecumenical.cards,available,3.99,50.99,medium,low,10,name.com,,,15/08/2026 04:38
dfdcdd2e-14d0-4e15-aa10-2ca4e672994e,uniat.cards,available,38.99,38.99,medium,low,5,namesilo,,,12/09/2026 12:44
a64278ff-9de1-4994-932d-cfd2b4861fb2,aecium.cards,available,40.98,48.98,medium,low,6,namecheap,,,17/09/2026 12:08
c23b1e27-c335-421e-ba8e-1f092ac6d37b,signatures.cards,available,30.2,30.2,medium,low,10,cloudflare,,,28/09/2026 23:59
2663fec7-60d7-4a2b-b2d0-1d2b209a5c6d,compile.cards,available,38.99,38.99,high,low,7,namesilo,,,08/09/2026 09:16
fb176d71-d6fa-45f8-bd2d-d13d886410d9,injected.cards,available,38.99,38.99,medium,low,8,namesilo,,,29/09/2026 10:57
dbe8f9dc-cc75-4cbb-9d8a-7da0fcce0e23,journals.cards,available,30.2,30.2,medium,low,8,cloudflare,,,29/09/2026 16:35
bd9860de-3ac3-46e2-bde4-30da6d0594b3,bextra.cards,available,38.99,38.99,medium,low,6,namesilo,,,23/09/2026 12:09
931a0f9f-2dfa-45ef-a0a9-c08fd4969a35,prosthetic.cards,available,38.99,38.99,high,low,10,namesilo,,,09/09/2026 03:55
240f78f6-0843-4e07-8565-f4afa46d284d,analogous.cards,available,3.99,50.99,medium,low,9,name.com,,,
3f782da8-efb3-4506-bdf4-684772a19650,ergonomic.cards,available,3.99,50.99,high,low,9,name.com,,,17/08/2026 12:11
b4315bcd-0e11-415b-a2e8-3d2da625dc17,lent.cards,available,31.25,31.25,high,low,4,spaceship,,,28/09/2026 14:42
7fbd2d42-2b07-49f8-8deb-8d96bd45711c,inductive.cards,available,3.99,50.99,medium,low,9,name.com,,,22/08/2026 03:29
7bb38cb6-65c1-4665-af08-b5253805be90,eolic.cards,available,38.99,38.99,low,low,5,namesilo,,,17/09/2026 12:36
44756f46-78b0-4e4f-94e5-040c79489e55,eyebrows.cards,available,38.99,38.99,medium,low,8,namesilo,,,30/09/2026 06:11
1c5fc4c7-bf8c-4d90-b20d-9d910fa0ece4,bivalent.cards,available,3.99,50.99,high,low,8,name.com,,,10/08/2026 08:58
183864c6-4332-40d8-ad48-8fa6491e70e8,rotted.cards,available,3.99,50.99,medium,low,6,name.com,,,13/08/2026 21:01
ac007657-7c4a-4b80-829a-376d9bfd5ae4,doughnut.cards,available,2.57,31.41,medium,low,8,porkbun,,,30/09/2026 14:25
2f6d4b39-71db-4290-ac01-2f30ce519f0b,sexton.cards,available,38.99,38.99,medium,low,6,namesilo,,,19/09/2026 10:22
588e4e87-81c0-4984-9f29-033b0290ed68,reticent.cards,available,31.25,31.25,medium,low,8,spaceship,,,27/09/2026 12:59
b441fa74-801b-4243-9c54-91ca9b05c4a4,koran.cards,available,38.99,38.99,high,low,5,namesilo,,,18/09/2026 01:04
b1d749ce-a835-43d1-a4a2-6e410d1c8341,unprotected.cards,available,38.99,38.99,medium,low,11,namesilo,,,30/09/2026 12:02
8841db52-3530-416a-a851-ab6c00b498a5,classify.cards,available,3.99,50.99,high,low,8,name.com,,,24/09/2026 15:20
b93af219-155e-4700-9de9-72d63a0cbad9,inaccurate.cards,available,3.99,50.99,medium,low,10,name.com,,,22/08/2026 00:09
1b990f6e-289d-46c4-952b-f5071dba732b,tingling.cards,available,38.99,38.99,high,low,8,namesilo,,,11/09/2026 15:29
2640bf40-fed9-47fa-aed2-ee3e7bdc6bc9,methodical.cards,available,3.99,50.99,high,low,10,name.com,,,24/08/2026 21:56
66e7d1c9-6689-4c86-a373-299cb2c70b14,hipped.cards,available,3.99,50.99,medium,low,6,name.com,,,21/08/2026 09:41
671b1215-d1c7-4ae9-b302-349b3043541f,stylised.cards,available,3.99,50.99,high,low,8,name.com,,,12/08/2026 23:48
fbc7ab4c-d326-4894-8854-1f05166f23e5,blowout.cards,available,38.99,38.99,high,low,7,namesilo,,,27/09/2026 16:59
f9a99a1d-900a-400e-b0c0-ae9214d7f434,musicians.cards,available,38.99,38.99,medium,low,9,namesilo,,,28/09/2026 17:31
c5516c8a-7e0c-41e6-8965-201bd2cea8d3,shaanxi.cards,available,31.25,31.25,medium,low,7,spaceship,,,30/09/2026 13:24
d2b72f75-4a31-4039-a304-3b8b3c1806f0,plugs.cards,available,3.99,50.99,medium,low,5,name.com,,,20/09/2026 11:28
470b21ad-5b47-49e4-993c-b9028c6a696b,fatally.cards,available,40.98,48.98,medium,low,7,namecheap,,,14/09/2026 17:51
1d21cc27-1e6e-4313-8e35-d500adbc4d3f,critique.cards,available,31.25,31.25,high,low,8,spaceship,,,29/09/2026 12:05
2eaf7d81-5544-441b-a810-7afc64f1486b,superfamily.cards,available,30.2,30.2,medium,low,11,cloudflare,,,29/09/2026 02:59
4f4abbd8-379a-49a2-b22d-80dda76b7b17,index.cards,premium,500,,high,medium,5,name.com,,,29/09/2026 19:51
8e0426b4-fb7c-48f1-b90e-c02d52b4116c,rosalie.cards,available,2.5,32.21,medium,low,7,dynadot,,,29/09/2026 09:42
75d0e1a2-74ca-4b95-b2ac-48cdfb5282a3,foothold.cards,available,38.99,38.99,high,low,8,namesilo,,,24/09/2026 10:16
08e64a48-9ad6-44a9-b5c2-155b016a0866,enlightened.cards,available,31.25,31.25,high,low,11,spaceship,,,29/09/2026 20:59
3f30cd2c-b422-49b9-ac10-ffed73b80218,curl.cards,available,38.99,38.99,high,low,4,namesilo,,,29/09/2026 13:04
6aedb70f-0add-48b7-aa24-8f945114c34b,cincinnati.cards,available,38.99,38.99,high,low,10,namesilo,,,29/09/2026 09:12
3e03ae48-c2e6-4f8e-8d3b-6d9c94ad4686,afterlife.cards,available,38.99,38.99,high,low,9,namesilo,,,15/09/2026 00:23
0183957a-2738-404a-848a-a364033f456e,beignet.cards,available,38.99,38.99,medium,low,7,namesilo,,,23/09/2026 04:07
20da74f7-bf0d-4681-8df2-1fa8ba72abee,workings.cards,available,38.99,38.99,high,low,8,namesilo,,,28/09/2026 10:48
500ae2b7-2bb4-4230-84a2-f1511c63d897,bewitching.cards,available,3.99,50.99,high,low,10,name.com,,,09/08/2026 18:19
ceba81b2-6bd3-41ee-a8d8-2b383412da31,kia.cards,available,2.57,31.41,high,low,3,porkbun,,,29/09/2026 20:51
3077ca27-afc5-4ab2-8ebc-10fca3a8c41d,metz.cards,available,38.99,38.99,high,low,4,namesilo,,,27/09/2026 07:39
2a5a6cdc-993b-438f-a82d-4b7409aebfd0,happier.cards,available,38.99,38.99,high,low,7,namesilo,,,18/09/2026 06:17
3180bc43-ce85-4df2-b53e-11e5effbee81,terrain.cards,available,40.98,48.98,high,low,7,namecheap,,,28/09/2026 20:36
6e6f9dcc-9da8-4dcf-82d1-1d912d87ae79,vitalizing.cards,available,3.99,50.99,medium,low,10,name.com,,,23/08/2026 01:35
2e352039-9d40-4396-8bd4-14f490aa8a21,unabashed.cards,available,38.99,38.99,medium,low,9,namesilo,,,11/09/2026 23:19
b64c5712-2be3-4106-b21a-062848adec81,murderers.cards,available,31.25,31.25,low,low,9,spaceship,,,28/09/2026 23:41
6eb04775-c3c0-48f7-a039-a64d55ef7cc8,fina.cards,available,2.57,31.41,high,low,4,porkbun,,,29/09/2026 14:46
8ffab7a5-40e8-4636-a57e-70b8453e4508,prosecutor.cards,available,38.99,38.99,high,low,10,namesilo,,,27/09/2026 05:05
0f8d66e9-b280-45f6-bdc4-9a3c2df2204d,tripping.cards,available,3.99,50.99,medium,low,8,name.com,,,23/08/2026 05:23
23013904-8a85-4ff5-87c5-01ec3592ae1a,luke.cards,available,38.99,38.99,high,low,4,namesilo,,,25/09/2026 06:37
6df1d8b4-235b-4c19-b0e9-f3798ef56f8c,coax.cards,available,38.99,38.99,high,low,4,namesilo,,,24/09/2026 04:12
24478a2d-fe3d-4511-94ba-dea8cfb8203b,badness.cards,available,3.99,50.99,medium,low,7,name.com,,,08/08/2026 07:23
32178055-657f-4625-92d1-1838ab6d8e83,reversible.cards,available,38.99,38.99,high,low,10,namesilo,,,27/09/2026 14:17
fc2c9273-f13f-4721-91be-b8fd3c4cb7af,pigfish.cards,available,38.99,38.99,medium,low,7,namesilo,,,17/09/2026 00:46
a3fb07cd-020b-4c58-823c-f50084a854d2,ineffective.cards,available,31.25,31.25,medium,low,11,spaceship,,,30/09/2026 12:11
483f5565-dbf4-44a6-8df0-ceb5a84e75b7,naturally.cards,available,30.2,30.2,high,low,9,cloudflare,,,28/09/2026 13:42
e2f5c928-3766-47c6-9e78-b6c5dd261902,unsold.cards,available,40.98,48.98,medium,low,6,namecheap,,,12/09/2026 20:17
69da6e5e-e378-43de-a4ab-e00611c5b6e9,adumbrate.cards,available,3.99,50.99,medium,low,9,name.com,,,22/08/2026 08:33
7450c5c3-b5e9-4815-8dd1-646c18b94dd1,compel.cards,available,38.99,38.99,medium,low,6,namesilo,,,03/09/2026 23:39
6821511a-56a2-4eaf-9450-8f162749e806,collects.cards,available,38.99,38.99,medium,low,8,namesilo,,,29/09/2026 17:04
14879812-39ad-4f27-bec1-1be4aeaf3517,mechanical.cards,available,38.99,38.99,high,low,10,namesilo,,,25/09/2026 18:43
644c3200-500e-43ef-b77b-5dba67c74b29,consensual.cards,available,3.99,50.99,high,low,10,name.com,,,12/08/2026 22:31
9d3f8571-13bf-4bca-b19c-a63983139d5e,vehicles.cards,available,38.99,38.99,medium,low,8,namesilo,,,16/09/2026 11:23
6565983c-9e82-439c-8fb5-4ec372a7838d,cured.cards,available,3.99,50.99,high,low,5,name.com,,,13/08/2026 01:35
aa9d7106-2799-475a-9a90-fc8a39dd8d89,lateral.cards,available,3.99,50.99,high,low,7,name.com,,,22/08/2026 20:34
24c88db7-79c2-438d-90a0-3b37d631c15a,haus.cards,premium,54.36,108.6,medium,low,4,porkbun,,,30/09/2026 14:07
5e42767a-6ada-41f7-91e6-50794f2091e5,cacomistle.cards,available,40.98,48.98,medium,low,10,namecheap,,,22/09/2026 12:02
f5dc08c5-a315-45d3-90c2-74b53523679b,draws.cards,available,3.99,50.99,high,low,5,name.com,,,
52065781-b755-4b0b-b21b-bbfd649f12bb,reckon.cards,available,2.5,32.21,high,low,6,dynadot,,,30/09/2026 09:37
5b96d4a4-2cc5-45da-94bf-77d8571f199a,downing.cards,available,40.98,48.98,medium,low,7,namecheap,,,19/09/2026 04:46
8eab5fb8-6ca3-43ce-999e-8475780413fb,vulnerable.cards,available,38.99,38.99,high,low,10,namesilo,,,13/09/2026 07:24
a9867812-9961-41d5-a2fe-49a3a36fea74,firepower.cards,available,31.25,31.25,high,low,9,spaceship,,,01/10/2026 02:09
7f636600-c72d-4f5a-a3a5-0450f34b1138,thousands.cards,available,38.99,38.99,medium,low,9,namesilo,,,18/09/2026 15:22
e2cb4ffa-f2b9-430a-8c5d-dc68a7538168,luxurious.cards,available,3.99,50.99,high,low,9,name.com,,,14/08/2026 00:57
e6e51941-37cf-428e-ab30-5fdabfb3df10,arsehole.cards,available,38.99,38.99,medium,low,8,namesilo,,,20/09/2026 09:34
073c23d6-b810-4133-ba4d-de8a832bb4b0,peers.cards,available,31.25,31.25,high,low,5,spaceship,,,29/09/2026 16:27
1f68a08a-48ca-48f3-a58e-d2b5d2815016,severus.cards,available,31.25,31.25,high,low,7,spaceship,,,30/09/2026 05:41
d77c72c6-4121-440e-9621-101ac038cfb7,senseless.cards,available,40.98,48.98,medium,low,9,namecheap,,,03/09/2026 17:48
e7f317a4-1930-4b4c-b9c0-9206be51247d,boomer.cards,available,40.98,48.98,high,low,6,namecheap,,,21/09/2026 13:18
49cf03e0-e603-43d0-9459-413ff57521f3,kongo.cards,available,30.2,30.2,high,low,5,cloudflare,,,01/10/2026 02:49
73abc51f-f592-471c-82a7-36bc90a5be83,ordinate.cards,available,3.99,50.99,high,low,8,name.com,,,12/08/2026 22:29
4977c3a1-71d9-42f7-9366-e97d7b683852,infectious.cards,available,3.99,50.99,medium,low,10,name.com,,,22/08/2026 04:12
189ae6e2-0e64-4f88-a5e1-6e28ae825e58,idempotent.cards,available,3.99,50.99,medium,low,10,name.com,,,21/08/2026 18:03
5a83ed99-96f3-42c5-8027-7c3e8196b199,dopey.cards,available,3.99,50.99,medium,low,5,name.com,,,14/08/2026 16:04
3e99c134-548c-4662-bcb5-66cfec5c7b7a,clapham.cards,available,40.98,48.98,medium,low,7,namecheap,,,30/09/2026 21:21
7488ba2d-d568-460b-a590-94fdedfd1fee,rigging.cards,available,31.25,31.25,high,low,7,spaceship,,,30/09/2026 18:31
791d7975-cc83-485d-bebc-523248e134a5,sciolist.cards,available,3.99,50.99,medium,low,8,name.com,,,14/08/2026 07:43
9fdddc9b-88a1-47ad-9589-0cacf4c8bc2c,lenny.cards,available,2.5,32.21,medium,low,5,dynadot,,,28/09/2026 18:21
472eae43-9822-441e-bdf0-e7a7c7f81f1f,duffy.cards,available,30.2,30.2,high,low,5,cloudflare,,,29/09/2026 03:40
3dd7ca54-d0c2-4f42-a25e-4e92b705fe8f,ourselves.cards,available,38.99,38.99,medium,low,9,namesilo,,,27/09/2026 08:55
f60e5824-963b-43b5-9ff5-e4ae67e6929d,crowing.cards,available,3.99,50.99,medium,low,7,name.com,,,10/08/2026 16:37
35056928-45d6-446b-a29c-f50ac48604c9,noisily.cards,available,38.99,38.99,medium,low,7,namesilo,,,15/09/2026 16:46
ed6e81b0-3b75-4fcd-87ce-798c76d479c2,burglar.cards,available,40.98,48.98,medium,low,7,namecheap,,,30/09/2026 00:56
02054d23-722f-4b2b-963f-03b0dd141c09,salamanca.cards,available,38.99,38.99,medium,low,9,namesilo,,,28/09/2026 16:27
3ef2fe66-6c2b-4f00-9f0d-56134805fa49,breasts.cards,available,3.99,,medium,low,7,name.com,,,
8febe186-645d-4b63-9fec-48d752e3a696,influential.cards,available,38.99,38.99,high,low,11,namesilo,,,08/09/2026 05:20
5f37965a-3945-48f5-bea7-c7f6c68aa618,migrant.cards,available,3.99,50.99,high,low,7,name.com,,,24/08/2026 22:47
df7b8ad8-9e9e-421c-82fc-9ad5d06e4a54,momently.cards,available,38.99,38.99,medium,low,8,namesilo,,,15/09/2026 15:21
553f582a-ff5d-4155-8848-3b7326f7735b,agonus.cards,available,40.98,48.98,medium,low,6,namecheap,,,17/09/2026 18:59
ebdac134-7106-4c12-9963-3bb967240957,hungarian.cards,available,3.99,50.99,high,low,9,name.com,,,21/08/2026 15:39
04d0a01a-fc80-4184-9833-4103aa45cc25,delight.cards,available,38.99,38.99,high,low,7,namesilo,,,28/09/2026 16:32
4e13c221-01b6-4b29-9ca5-438e1f2a0173,boulogne.cards,available,31.25,31.25,medium,low,8,spaceship,,,29/09/2026 09:58
97706471-489a-421e-ad4d-aa4bf32ef8bc,navigation.cards,available,38.99,38.99,high,low,10,namesilo,,,10/09/2026 00:36
736a9706-1194-4a01-8fe2-90e5e87cd8f3,fix.cards,premium,118.8,118.8,high,low,3,namesilo,,,27/09/2026 10:10
d15628d8-e493-4b0e-b32a-dadbf2b68fc6,inflammatory.cards,available,31.25,31.25,medium,low,12,spaceship,,,29/09/2026 21:18
79ed3724-627a-432d-8349-85484a43f1c6,argo.cards,available,38.99,38.99,high,low,4,namesilo,,,20/09/2026 04:30
5c4cd1c1-2ff2-451e-ae00-6552c43e0ae7,professionals.cards,available,31.25,31.25,medium,low,13,spaceship,,,28/09/2026 12:40
6648fa64-f6d7-4c3d-9075-64b8a29c9bdf,costly.cards,available,40.98,48.98,high,low,6,namecheap,,,24/09/2026 00:19
3537432d-8afd-4c2c-ad84-7d06f5ec11fb,gravid.cards,available,3.99,50.99,medium,low,6,name.com,,,16/08/2026 22:11
fee63472-15b9-48f0-aaab-0ecf0f5c5056,narragansett.cards,available,31.25,31.25,medium,low,12,spaceship,,,29/09/2026 15:38
347052a1-0947-4fab-82ec-41a24ec6645e,glucose.cards,available,40.98,48.98,high,low,7,namecheap,,,29/09/2026 01:05
37350380-e641-4a98-ba06-5a5d76a28698,mannheim.cards,available,31.25,31.25,high,low,8,spaceship,,,28/09/2026 10:19
294ae57f-7d7a-47be-a955-fbe1625b84f8,spartanburg.cards,available,38.99,38.99,high,low,11,namesilo,,,29/09/2026 22:45
5acca7ea-c0b3-45cc-ab08-e5ea7db68bf3,ammonia.cards,available,38.99,38.99,high,low,7,namesilo,,,18/09/2026 22:08
85320893-de74-462d-9ff9-87e5d7a29de4,contiguous.cards,available,3.99,50.99,medium,low,10,name.com,,,12/08/2026 23:11
d7e80cc0-3332-4341-bf90-399b81b0e013,sported.cards,available,40.98,48.98,medium,low,7,namecheap,,,20/09/2026 16:50
2188b519-cdcd-471a-bca9-263ebc8d64b1,duckbill.cards,available,3.99,50.99,medium,low,8,name.com,,,14/08/2026 20:46
bacef9b7-7cad-4436-8839-af1e26a07264,barbeque.cards,available,38.99,38.99,high,low,8,namesilo,,,29/09/2026 01:07
49323a01-1009-411d-9479-a764270ebf2e,diameter.cards,available,38.99,38.99,high,low,8,namesilo,,,29/09/2026 18:38
d6da671f-ff2a-4b16-abde-e08641d2f0e7,saunders.cards,available,31.25,31.25,high,low,8,spaceship,,,27/09/2026 19:44
791cfd07-c4c2-44b6-a87d-146a7da23741,percussive.cards,available,38.99,38.99,high,low,10,namesilo,,,08/09/2026 16:22
5545fbda-52d4-4412-923c-af67f7770cbe,known.cards,available,38.99,38.99,high,low,5,namesilo,,,25/09/2026 12:59
b5d33103-e489-4bea-96d2-12aec6a56b37,precisely.cards,available,38.99,38.99,high,low,9,namesilo,,,04/09/2026 14:15
f7fe1585-b085-49dd-8a11-609151e3ccd0,have.cards,resell,,,high,low,4,Porkbun LLC,07/07/2025 15:13,07/07/2027 15:13,26/09/2026 06:35
d5a04a9c-5cba-4cbc-b9f7-0e1ebafc3d55,amenity.cards,available,40.98,48.98,high,low,7,namecheap,,,17/09/2026 19:17
d54a0fc4-572a-46d9-9601-8301a2c54246,broad.cards,available,38.99,38.99,high,low,5,namesilo,,,19/09/2026 06:03
8fa9eb43-a0bd-4eb8-951a-789e2a370450,awn.cards,available,38.99,38.99,high,low,3,namesilo,,,21/09/2026 10:11
39981ab5-851f-437f-82eb-952f3a6daa76,withholding.cards,available,31.25,31.25,medium,low,11,spaceship,,,30/09/2026 06:21
9a174a67-27b2-4880-a8f0-6bc8b0c36640,larry.cards,available,38.99,38.99,high,low,5,namesilo,,,25/09/2026 12:43
a2361cb8-2581-46ee-8716-90ebe6b42552,quadrant.cards,available,31.25,31.25,high,low,8,spaceship,,,29/09/2026 20:05
8e1a265f-a40f-482e-afb3-3badd15660d8,grinding.cards,available,30.2,30.2,medium,low,8,cloudflare,,,28/09/2026 19:23
8fe64175-bb7f-4616-b96c-2a229d4c8aa9,integration.cards,available,2.5,32.21,high,low,11,dynadot,,,29/09/2026 23:22
7d6a3d53-06b5-451e-b42d-aa677c5d21dd,preliminary.cards,available,2.57,31.41,medium,low,11,porkbun,,,28/09/2026 11:21
861e0e61-1434-4a3e-afd3-671eaa1092d4,jun.cards,available,30.2,30.2,high,low,3,cloudflare,,,29/09/2026 15:18
ef1852a0-9e76-4b94-bc3a-379de44f6b12,draped.cards,available,3.99,50.99,medium,low,6,name.com,,,14/08/2026 18:23
9d6e2888-679c-4d47-ae18-488c477edec0,falklands.cards,available,31.25,31.25,medium,low,9,spaceship,,,30/09/2026 14:15
ff0337a6-9432-4975-86be-2143fd09ac0d,wolverine.cards,available,38.99,38.99,high,low,9,namesilo,,,24/09/2026 12:48
2f619d8d-fab9-47c2-951d-298f0044f24a,vapourish.cards,available,38.99,38.99,medium,low,9,namesilo,,,13/09/2026 01:13
659ea14f-f0ef-4551-a184-506c5ee3cbac,blackish.cards,available,3.99,50.99,medium,low,8,name.com,,,10/08/2026 12:03
ce6bc765-16f5-4c13-a3ea-ff331b2edd20,unwonted.cards,available,38.99,38.99,low,low,8,namesilo,,,12/09/2026 22:48
5aa936ca-709b-4f25-b5af-82a5fc9e84be,gaga.cards,available,3.99,50.99,medium,low,4,name.com,,,14/08/2026 14:34
bd0e636c-da2e-4d8c-b2c9-2743f012f3c9,drowned.cards,available,31.25,31.25,medium,low,7,spaceship,,,27/09/2026 22:47
2143113c-6c2a-489f-9af1-82c838d04a77,antabuse.cards,available,40.98,48.98,medium,low,8,namecheap,,,19/09/2026 12:24
5a2d082d-20da-4ced-a652-f21f64dfd237,birder.cards,available,3.99,50.99,high,low,6,name.com,,,23/09/2026 20:38
20fd10b3-9c1e-401f-b0bb-4bb422e6a235,grudge.cards,available,40.98,48.98,high,low,6,namecheap,,,29/09/2026 19:05
b759ef21-5a59-4163-a331-2f5c1c61f278,steeply.cards,available,38.99,38.99,medium,low,7,namesilo,,,16/09/2026 06:59
b9c5ec43-0358-40d8-91b3-c45ce7f26c67,imperious.cards,available,3.99,50.99,medium,low,9,name.com,,,21/08/2026 01:26
ae7462a4-30f8-41d3-87b5-ebe14f091ba3,bacchus.cards,available,38.99,38.99,high,low,7,namesilo,,,21/09/2026 14:02
37bace12-929e-4430-a59f-06d8456d7f54,riviera.cards,available,30.2,30.2,high,low,7,cloudflare,,,30/09/2026 18:32
62842cb9-49dc-49a7-8460-c8532ef9c91e,sidesaddle.cards,available,38.99,38.99,medium,low,10,namesilo,,,16/09/2026 01:43
f5a7f69d-25ac-4eb2-823d-a11c1a7c1a8a,varicella.cards,available,38.99,38.99,medium,low,9,namesilo,,,24/09/2026 14:29
47b6d17f-6ed1-43ca-9edb-1c9c9b1df7c7,acarus.cards,available,40.98,48.98,medium,low,6,namecheap,,,16/09/2026 21:38
329ed3e5-2060-4e4a-afae-20bb0da8062d,subport.cards,available,30.2,30.2,medium,low,7,cloudflare,,,28/09/2026 16:14
7a84a1f5-7c3c-4404-bd66-c1b730beca62,issa.cards,available,40.98,48.98,high,low,4,namecheap,,,30/09/2026 20:12
9d4e2255-36c9-4b99-8949-43ecbdfe0dbb,drove.cards,available,40.98,48.98,high,low,5,namecheap,,,25/09/2026 22:29
091041de-73c4-4fb7-9d3a-c60284847d4a,homo.cards,available,3.99,50.99,high,low,4,name.com,,,18/08/2026 20:57
2eae9ec2-352b-4ca8-bcba-a147b0e92149,alfatah.cards,available,40.98,48.98,medium,low,8,namecheap,,,18/09/2026 00:22
435c3ecc-e3f0-4a09-9d32-f2e3ae05009b,ungraded.cards,available,3.99,50.99,medium,low,8,name.com,,,14/08/2026 09:06
fc97bfd6-8583-49c9-94b5-b18b6ae39b3e,animistic.cards,available,3.99,50.99,medium,low,9,name.com,,,
383c9ce1-0219-4906-a8d6-92b36d060bbb,abridged.cards,available,3.99,50.99,high,low,8,name.com,,,
3aa545a3-16ab-4040-a0de-ddc724bda769,again.cards,available,38.99,38.99,medium,low,5,namesilo,,,28/09/2026 11:49
05904310-7b6b-4ffa-a70b-011f0ad9cbf6,coventry.cards,available,38.99,38.99,medium,low,8,namesilo,,,22/09/2026 02:09
8f915f51-7fac-4995-8c80-48135fd1bb43,zaftig.cards,available,38.99,38.99,medium,low,6,namesilo,,,13/09/2026 14:56
1fd0082e-7183-4f46-a221-7009628a2d0d,sibling.cards,available,31.25,31.25,high,low,7,spaceship,,,29/09/2026 20:18
6f9ab7aa-a415-490d-a168-11c562c47645,costumed.cards,available,3.99,50.99,medium,low,8,name.com,,,13/08/2026 03:18
3a3fbf43-65f5-4087-8742-a3cf984e9ea3,aureate.cards,available,38.99,38.99,medium,low,7,namesilo,,,22/09/2026 12:51
c9a0903b-a1db-4433-b412-cb3fb9b4c8a2,shear.cards,available,31.25,31.25,medium,low,5,spaceship,,,30/09/2026 11:04
11c5f466-b3c1-4153-84dc-abf92b08182b,abstract.cards,available,38.99,38.99,high,low,8,namesilo,,,21/09/2026 15:10
e790019b-ffe1-4ad0-8c8e-98dfb20c2641,kenneth.cards,available,40.98,48.98,high,low,7,namecheap,,,25/09/2026 19:13
0564771d-6445-4119-9fdb-8b8c4d0467db,gestapo.cards,available,31.25,31.25,medium,low,7,spaceship,,,29/09/2026 12:44
9f013461-76e5-4a3e-a5da-fe6f4512ea14,gelid.cards,available,3.99,50.99,medium,low,5,name.com,,,18/08/2026 21:05
5c3eba16-b94d-4990-9081-112d090f87f4,tangible.cards,available,38.99,38.99,high,low,8,namesilo,,,05/09/2026 00:10
d4dd7978-5fae-4a39-a4e8-8fccf22596fc,stonewalls.cards,available,38.99,38.99,low,low,10,namesilo,,,20/09/2026 14:03
02d83b4f-3ea8-4a35-ba51-6c64ba22a58e,dishonored.cards,available,3.99,50.99,medium,low,10,name.com,,,14/08/2026 10:23
17e96ee2-167d-42f5-9382-24909468636c,inorganic.cards,available,3.99,50.99,high,low,9,name.com,,,22/08/2026 06:11
856a51c2-f061-4050-95ab-116f0187df14,insulin.cards,available,31.25,31.25,high,low,7,spaceship,,,29/09/2026 19:20
fbf6b620-5fcf-454b-811d-873c3e165c88,forcible.cards,available,3.99,50.99,medium,low,8,name.com,,,18/08/2026 11:19
003395e1-abb3-4e82-8dad-8da46a1539bf,abuse.cards,premium,78.54,78.54,high,low,5,namesilo,,,08/09/2026 12:39
fb3a54a1-b566-4e3d-a62d-99dd54c86583,zinc.cards,available,38.99,38.99,high,low,4,namesilo,,,20/09/2026 22:44
4ed9e923-c8d8-485a-974e-4d4bb481493f,mountain.cards,available,38.99,38.99,high,low,8,namesilo,,,25/09/2026 20:48
e4c71344-26cc-44f9-8a96-d022ba9e439d,movements.cards,available,31.25,31.25,low,low,9,spaceship,,,28/09/2026 12:36
133ffea8-ab55-4a12-aec7-e9b3e767e441,grimly.cards,available,38.99,38.99,medium,low,6,namesilo,,,14/09/2026 22:25
f4feb280-9fc1-44b9-9f58-41cda4992b62,bricole.cards,available,38.99,38.99,medium,low,7,namesilo,,,20/09/2026 00:36
18d14d4b-95bc-49b3-ab12-7d9fe7dae71b,joints.cards,available,38.99,38.99,medium,low,6,namesilo,,,20/09/2026 03:38
38cf084e-9d48-4971-b532-0957bbde342a,connolly.cards,available,40.98,48.98,high,low,8,namecheap,,,25/09/2026 22:17
35408ada-4af4-4f71-9696-bc4ac3b722fa,airspeed.cards,available,40.98,48.98,high,low,8,namecheap,,,17/09/2026 23:22
f744816e-5ab7-4f4c-a7e9-5b6cb96980c3,throats.cards,available,38.99,38.99,medium,low,7,namesilo,,,20/09/2026 08:21
a164241b-97e3-4977-ac8d-7cf665864f43,widows.cards,available,38.99,38.99,medium,low,6,namesilo,,,30/09/2026 00:25
76601230-546e-4736-831c-0012453c85c0,dreamless.cards,available,3.99,50.99,medium,low,9,name.com,,,14/08/2026 18:43
90b19b16-ea1e-493f-9efd-f9d855109552,cephalopod.cards,available,3.99,50.99,medium,low,10,name.com,,,12/08/2026 00:21
4ce36870-e3b6-4472-a9cc-84b61608769e,tired.cards,available,38.99,38.99,medium,low,5,namesilo,,,22/09/2026 16:41
3de11ff1-3825-40d3-8eab-abbc2180fd04,props.cards,available,38.99,38.99,high,low,5,namesilo,,,29/09/2026 07:55
620cadda-8f74-474d-8144-b596dc39686f,rosacea.cards,available,38.99,38.99,medium,low,7,namesilo,,,17/09/2026 01:59
e334647d-0daf-4e61-96f6-4e354a5ba5df,assonance.cards,available,40.98,48.98,medium,low,9,namecheap,,,20/09/2026 16:32
d2623696-82c6-4809-8854-a285da78619b,monet.cards,available,31.25,31.25,high,low,5,spaceship,,,29/09/2026 18:23
2ed06521-3126-4b07-a835-f5506abfd0c7,dreamfully.cards,available,38.99,38.99,medium,low,10,namesilo,,,14/09/2026 14:19
f615b58c-c4c7-46cf-84d3-42620c12a75d,interfere.cards,available,2.5,32.21,high,low,9,dynadot,,,28/09/2026 03:20
eab21a06-0bf1-415e-bc5a-0e4c55cbea8b,acceptive.cards,available,3.99,50.99,medium,low,9,name.com,,,
aa52d7e7-b440-4d19-9693-d9d87a0cbbdf,ineffable.cards,available,3.99,50.99,high,low,9,name.com,,,22/08/2026 02:45
e2b11e7c-0501-4cc2-9768-ad32b667585e,portly.cards,available,38.99,38.99,medium,low,6,namesilo,,,09/09/2026 00:02
012486d0-57b8-446a-8f9b-f51f5947a25b,seo.cards,premium,68.51,68.51,high,medium,3,spaceship,,,28/09/2026 17:30
d5bee519-6a89-4bd0-bd4f-4b13847be64e,rap.cards,premium,38.94,38.94,high,low,3,namesilo,,,08/09/2026 10:15
6088ca2a-bee3-41a7-8cba-e18af6d875bc,leed.cards,available,40.98,48.98,high,low,4,namecheap,,,30/09/2026 20:18
451a2354-8cc9-4da7-a157-a2e207831e3e,observing.cards,available,38.99,38.99,high,low,9,namesilo,,,04/09/2026 00:01
c4e71a12-b264-4190-ada0-7ec7ada60757,rigorously.cards,available,38.99,38.99,medium,low,10,namesilo,,,15/09/2026 23:46
68243bdb-ae1b-497a-bd32-24a47e84dac2,punching.cards,available,2.5,32.21,medium,low,8,dynadot,,,29/09/2026 00:06
6966a5fb-0c15-4b1a-8e9a-d0f22e6da483,calorie.cards,available,38.99,38.99,high,low,7,namesilo,,,24/09/2026 11:50
d5534abb-5dd1-4a84-b036-f1f2d15e0fba,burly.cards,available,3.99,50.99,medium,low,5,name.com,,,09/08/2026 07:54
f762fe99-3af6-4a05-8256-9871f8114c87,airports.cards,available,31.25,31.25,medium,low,8,spaceship,,,30/09/2026 00:31
2e16f7cb-3477-4d54-9fbe-b8eb98464107,binds.cards,available,31.25,31.25,low,low,5,spaceship,,,01/10/2026 00:28
48735419-2cd3-4466-9b38-3f2e35a62c6b,chartres.cards,available,31.25,31.25,medium,low,8,spaceship,,,29/09/2026 11:53
f813fa7f-e3ab-4101-8748-de8510c7862e,leather.cards,available,31.25,31.25,high,low,7,spaceship,,,30/09/2026 02:35
a4940b59-d2bd-40b9-a0dc-c1c9b9799843,tagore.cards,available,31.25,31.25,medium,low,6,spaceship,,,30/09/2026 02:38
0a1a76a2-8c05-4897-b009-f8b6cc2b8e73,dolorous.cards,available,3.99,50.99,medium,low,8,name.com,,,14/08/2026 15:30
e58dc2d0-8210-45a5-aac1-7e3c8ffb5663,inelegant.cards,available,3.99,50.99,medium,low,9,name.com,,,22/08/2026 03:44
604b82cf-5e99-42b8-8f0f-20eef306e6b1,paley.cards,available,38.99,38.99,medium,low,5,namesilo,,,29/09/2026 15:50
88075522-36d1-4309-8bbc-b6388342d702,peerless.cards,available,3.99,50.99,high,low,8,name.com,,,24/08/2026 17:04
de675536-9cd6-45bb-8b4f-5115b1d1c444,tummy.cards,available,3.99,50.99,high,low,5,name.com,,,22/09/2026 17:49
c92db8b7-192b-4fb8-8e71-b0e3ffdf977e,delaney.cards,available,38.99,38.99,medium,low,7,namesilo,,,28/09/2026 04:06
f2007678-563a-4384-bb86-0c0a622bfdc0,myotic.cards,available,3.99,50.99,medium,low,6,name.com,,,25/08/2026 01:02
d2b7ffc3-2a41-4d21-bdb1-449daa25fba1,cased.cards,available,3.99,50.99,medium,low,5,name.com,,,11/08/2026 20:04
04009a6b-05fa-471b-abb0-d7cbdeb01816,lewd.cards,available,3.99,50.99,high,low,4,name.com,,,22/08/2026 20:07
03603a92-fc2f-42db-8760-40a5b59e2f08,brazilian.cards,available,3.99,50.99,high,low,9,name.com,,,11/08/2026 02:57
9740f90d-f514-4005-810f-7b8185e679be,intimidating.cards,available,2.57,31.41,medium,low,12,porkbun,,,30/09/2026 19:45
1ac879e2-8cc5-472c-a4a6-d19629c71de6,barnburner.cards,available,38.99,38.99,medium,low,10,namesilo,,,22/09/2026 06:49
e321c204-31ca-4c01-936b-6296bd65ef31,delete.cards,available,38.99,38.99,high,low,6,namesilo,,,29/09/2026 14:11
bbe8d9f8-8cb5-414e-9c09-dbcadd43fa92,aditya.cards,available,38.99,38.99,high,low,6,namesilo,,,17/09/2026 08:23
f89b0e4e-8bbc-4b6b-b361-15b60a1278be,fiend.cards,available,3.99,50.99,medium,low,5,name.com,,,17/08/2026 21:54
aeded8e2-dce2-4e0f-800c-fec4c9feb137,rushy.cards,available,40.98,48.98,medium,low,5,namecheap,,,09/09/2026 20:04
3f00ee55-282d-40aa-9755-f9e9700bbada,gotta.cards,available,31.25,31.25,medium,low,5,spaceship,,,27/09/2026 16:53
ccd92897-95e7-454b-9e50-b4f0832f3151,paired.cards,available,3.99,50.99,high,low,6,name.com,,,04/09/2026 23:11
47919a9e-352e-491c-9e8b-fff6b7b81fa0,ammoniac.cards,available,3.99,50.99,medium,low,8,name.com,,,
549eb055-5a1e-4121-8c38-62b967861970,ensure.cards,available,31.25,31.25,high,low,6,spaceship,,,30/09/2026 15:26
367bfda1-b174-4b13-a371-0c20137ae986,princely.cards,available,3.99,50.99,high,low,8,name.com,,,14/08/2026 01:00
88f3ef5e-dd80-426a-be14-ff43850cea8f,nonaligned.cards,available,38.99,38.99,medium,low,10,namesilo,,,03/09/2026 18:44
a05343cb-cd2c-4803-b66f-c080bfdfbb85,scientists.cards,available,38.99,38.99,medium,low,10,namesilo,,,27/09/2026 11:19
18fd4c8d-6d33-4d15-84b4-5fcd2aea416c,massage.cards,available,2.5,32.21,high,low,7,dynadot,,,30/09/2026 03:59
0c4b40b3-8773-4e93-bf32-04e4f343f77e,blunt.cards,available,38.99,38.99,high,low,5,namesilo,,,22/09/2026 23:15
8e24c67b-52fa-42dc-9d61-2e41257cfaa1,circling.cards,available,38.99,38.99,high,low,8,namesilo,,,30/09/2026 07:20
d675413e-d428-4024-8584-d01f8227daf9,tricksy.cards,available,3.99,50.99,medium,low,7,name.com,,,13/08/2026 04:36
1eef4b22-8dc8-48b2-a86f-27c7cba71813,old.cards,premium,85.8,85.8,high,low,3,namecheap,,,24/09/2026 15:09
fcb127e5-8fef-46fb-85d5-7df05c4a9b33,suites.cards,available,38.99,38.99,medium,low,6,namesilo,,,29/09/2026 17:41
23ea6cf0-86f7-40e4-9f45-ebaad27f8ef6,belching.cards,available,38.99,38.99,medium,low,8,namesilo,,,23/09/2026 04:36
1e699dba-ff48-479b-9a47-b1e8b8429344,chief.cards,available,40.98,48.98,high,low,5,namecheap,,,23/09/2026 00:59
d374b9a9-8d4b-41da-9248-4ccbe03df618,flaming.cards,available,3.99,50.99,high,low,7,name.com,,,18/08/2026 06:30
ebfcb402-a2cd-4fac-afff-12255f4cdd73,cerebral.cards,available,3.99,50.99,high,low,8,name.com,,,12/08/2026 00:30
c1ada760-1330-41e8-8db3-cb567651f09c,pansy.cards,available,38.99,38.99,medium,low,5,namesilo,,,09/09/2026 08:07
75d5f0ba-a87e-44f1-8389-1690177d00ba,unshoed.cards,available,40.98,48.98,low,low,7,namecheap,,,12/09/2026 19:51
38a19670-f0dc-48c6-92f9-7c61829923d5,fayette.cards,available,40.98,48.98,medium,low,7,namecheap,,,27/09/2026 20:20
3ac3cb85-db77-44de-bdb4-b893af3b64ac,carousing.cards,available,3.99,50.99,medium,low,9,name.com,,,08/08/2026 04:24
79b1895d-92e6-4ef8-9363-e2ae3031a413,cabot.cards,available,38.99,38.99,medium,low,5,namesilo,,,30/09/2026 08:53
54b9e923-8058-45dc-9c72-a6e6cc175ab5,astheny.cards,available,40.98,48.98,low,low,7,namecheap,,,20/09/2026 17:17
445ae0e3-271a-4266-98a0-66f523990d22,overwhelmed.cards,available,3.99,,medium,low,11,name.com,,,
e3595451-ecbb-431f-a6d9-53d8c04da466,upper.cards,available,31.25,31.25,high,low,5,spaceship,,,28/09/2026 09:57
9efccb68-7e92-489a-9227-96e33b7add26,ruttish.cards,available,3.99,50.99,medium,low,7,name.com,,,21/08/2026 14:10
79ed73f5-f596-46c7-8ec8-e668c2591c51,focusing.cards,available,38.99,38.99,high,low,8,namesilo,,,24/09/2026 13:33
692636ab-ff68-4e1c-8685-50396b5d8393,carrel.cards,available,38.99,38.99,medium,low,6,namesilo,,,18/09/2026 06:05
fa09398f-0911-4af7-8cc4-16b6c34c13a4,beamy.cards,available,3.99,50.99,medium,low,5,name.com,,,09/08/2026 04:18
e64f0d6d-fe4f-4adb-8bad-412d0536ee6b,rollers.cards,available,31.25,31.25,medium,low,7,spaceship,,,30/09/2026 16:24
2fd75b37-725b-4b2f-b789-bb5b5d261216,armament.cards,available,38.99,38.99,medium,low,8,namesilo,,,20/09/2026 06:31
2ef74e6a-a05c-43b2-ac93-11b9ff46d931,organizations.cards,available,3.99,,medium,low,13,name.com,,,
eee8947d-9580-4ac8-86cb-fd629939cf50,anglophile.cards,available,38.99,38.99,medium,low,10,namesilo,,,19/09/2026 06:52
5c608367-a92d-4eaa-8ad8-bf6f306f2dcc,comatose.cards,available,3.99,50.99,medium,low,8,name.com,,,12/08/2026 18:25
9487c104-8f79-45bd-afce-c5a0f1913da8,kooky.cards,available,3.99,50.99,medium,low,5,name.com,,,06/08/2026 21:04
40d48c5f-1583-45f8-94d6-47fdc3c71998,becker.cards,available,31.25,31.25,high,low,6,spaceship,,,29/09/2026 03:35
d491e013-7dda-453d-8ed9-d807eb4201ac,evolutionary.cards,available,40.98,48.98,medium,low,12,namecheap,,,29/09/2026 10:23
d6aaae6c-0582-4861-a51f-d6befd988838,loco.cards,available,3.99,50.99,high,low,4,name.com,,,06/08/2026 21:13
026e2bd4-f59b-411f-ad1a-160094143133,asphodelus.cards,available,38.99,38.99,medium,low,10,namesilo,,,20/09/2026 15:09
2d387407-d0c1-4c8c-b80f-c2997f125e9a,accordingly.cards,available,31.25,31.25,medium,low,11,spaceship,,,29/09/2026 02:47
e816f16b-a2ef-4599-987a-1209ad140b02,alliance.cards,available,38.99,38.99,high,low,8,namesilo,,,18/09/2026 07:42
1c26988a-7099-4ef3-b717-611ade96c578,stumbled.cards,available,31.25,31.25,low,low,8,spaceship,,,29/09/2026 16:59
4d86c2c0-3ea2-4647-a65b-a114dc0ae237,arachnida.cards,available,38.99,38.99,medium,low,9,namesilo,,,19/09/2026 23:41
03dc7bb0-a3fd-436b-a445-1c6f0f45f997,flu.cards,available,31.25,31.25,high,low,3,spaceship,,,29/09/2026 19:35
1f878506-fd48-41dc-bf0a-9061d0002cdd,swishy.cards,available,38.99,38.99,medium,low,6,namesilo,,,11/09/2026 05:54
41fe3afc-65c0-4a1c-8662-5a847e51660f,rhoda.cards,available,3.99,,high,low,5,name.com,,,
afd3797f-0edf-4d99-9dc1-12bcc31a8a95,needed.cards,available,38.99,38.99,high,low,6,namesilo,,,03/09/2026 14:49
0a937da1-632b-41a0-9201-961774ba1ab1,acrid.cards,available,3.99,50.99,medium,low,5,name.com,,,
db8bb727-2299-4157-a883-567938188a15,unnoticed.cards,available,38.99,38.99,medium,low,9,namesilo,,,12/09/2026 16:02
c9cbf02a-5f29-4bc0-aa7b-b90639e3277a,ripple.cards,available,38.99,38.99,high,low,6,namesilo,,,12/09/2026 08:34
1436119a-fa65-47ca-a2fc-b1de6d681955,neurologic.cards,available,38.99,38.99,medium,low,10,namesilo,,,03/09/2026 16:16
c47f07b1-d0df-40e1-bf6b-716d17e789cd,fright.cards,available,38.99,38.99,medium,low,6,namesilo,,,17/09/2026 14:50
5e5085d2-f5db-40f9-8a32-cda654a4243e,his.cards,premium,118.8,118.8,high,low,3,namesilo,,,
12239f26-45ae-4389-ab80-e91644fc54ed,usage.cards,available,38.99,38.99,high,low,5,namesilo,,,24/09/2026 04:06
e2f47c6d-fcf1-4b50-9653-fec2364e108a,throwaway.cards,available,3.99,50.99,medium,low,9,name.com,,,11/08/2026 05:13
fba279e4-8b2a-46b2-bae8-03e78e5090b9,angiology.cards,available,38.99,38.99,medium,low,9,namesilo,,,19/09/2026 06:13
7756dbd7-13d4-44f9-b374-75aa51daa200,oyster.cards,available,40.98,48.98,high,low,6,namecheap,,,29/09/2026 23:18
6e4d9f18-e268-492c-8970-8218702df5e2,hilliard.cards,available,38.99,38.99,medium,low,8,namesilo,,,30/09/2026 00:27
0006d429-1ce7-4ccf-b4ab-5d5fc0315c14,randall.cards,available,31.25,31.25,high,low,7,spaceship,,,28/09/2026 04:02
e9324eb5-fffb-48ca-a0c9-22f64233db9e,woolen.cards,available,38.99,38.99,medium,low,6,namesilo,,,13/09/2026 13:13
9cb5c575-d2fe-4a09-abfe-39e56c4405b4,vibration.cards,available,38.99,38.99,high,low,9,namesilo,,,19/09/2026 17:28
396892a1-a860-4f93-8cda-2138ddedfdf6,beloit.cards,available,2.5,32.21,medium,low,6,dynadot,,,29/09/2026 22:33
f58cf6c3-53a4-418d-85a0-439a780c8554,metabolous.cards,available,3.99,50.99,medium,low,10,name.com,,,24/08/2026 21:28
b250c909-1979-483f-9eaa-1ca9366fa9c3,rolfe.cards,available,40.98,48.98,medium,low,5,namecheap,,,30/09/2026 05:32
63ad7278-c2b2-4c82-baca-402bc2189aa4,glassy.cards,available,3.99,50.99,high,low,6,name.com,,,20/08/2026 14:12
f7e3a531-d523-49f7-9d3e-789310d300ee,fatigued.cards,available,3.99,50.99,medium,low,8,name.com,,,14/08/2026 14:49
b5a34554-a386-4e33-a8c4-707b898f8e6f,junky.cards,available,38.99,38.99,medium,low,5,namesilo,,,17/09/2026 06:52
7e7b18ce-9efe-4645-8347-9e158a3a26ff,chart.cards,available,31.25,31.25,high,low,5,spaceship,,,29/09/2026 08:17
6112a4c2-7541-4da1-aaa4-5f05fb41b259,bluestem.cards,available,38.99,38.99,medium,low,8,namesilo,,,19/09/2026 04:58
2457b084-7b2b-4459-a13a-5c2f53eea1a5,watched.cards,available,38.99,38.99,high,low,7,namesilo,,,18/09/2026 01:33
f7640e70-6e6d-4be7-9bb4-1fc67c039900,wonders.cards,available,38.99,38.99,high,low,7,namesilo,,,18/09/2026 02:01
bcb4c96d-d9a5-4138-a3d4-db4035abf537,harm.cards,available,3.99,50.99,high,low,4,name.com,,,08/09/2026 07:44
0eb5f56b-2589-4486-9f4f-1c32c6fb301f,mallory.cards,available,38.99,38.99,high,low,7,namesilo,,,28/09/2026 04:03
e6b8ca3c-25d2-430b-b08c-2ebe7aef2af0,waker.cards,available,38.99,38.99,medium,low,5,namesilo,,,20/09/2026 08:31
c935bfbc-4cdf-46a3-930a-aef43a8ab210,evolving.cards,available,38.99,38.99,medium,low,8,namesilo,,,30/09/2026 06:16
02a5b384-c688-4d0c-bbb5-c7d4e31282d9,atarax.cards,available,40.98,48.98,medium,low,6,namecheap,,,20/09/2026 19:30
9e77480b-de75-4092-b38e-5e1957c63e5f,contests.cards,available,30.2,30.2,medium,low,8,cloudflare,,,30/09/2026 00:34
64309932-cf1a-40cd-9019-db9399c89797,monition.cards,available,38.99,38.99,medium,low,8,namesilo,,,17/09/2026 09:04
cbbf638c-248a-4f25-89ba-481187f9f193,remains.cards,available,40.98,48.98,medium,low,7,namecheap,,,27/09/2026 03:27
f9f6c846-986b-4a6e-8b46-50d52b8e060f,cervical.cards,available,3.99,50.99,high,low,8,name.com,,,12/08/2026 00:58
eb266cf3-3209-494a-a278-d7164fed25da,stomachic.cards,available,3.99,50.99,medium,low,9,name.com,,,18/08/2026 20:37
50f06d34-9aec-42b0-b012-45163a642c07,bordeaux.cards,available,38.99,38.99,high,low,8,namesilo,,,24/09/2026 07:22
90cf5ff3-177e-4843-8928-3b5df7a4eecc,astrolabe.cards,available,38.99,38.99,high,low,9,namesilo,,,20/09/2026 17:43
a69e67e6-dfef-4434-9115-aa061efe6675,cary.cards,available,38.99,38.99,high,low,4,namesilo,,,25/09/2026 12:59
3997bac5-8c3d-4db3-a954-753d557c0224,furnace.cards,available,2.57,31.41,high,low,7,porkbun,,,28/09/2026 19:17
4b6b92c7-55e9-454f-9399-915d26e1f73b,performer.cards,available,38.99,38.99,high,low,9,namesilo,,,28/09/2026 15:03
f2894ba0-d821-4e56-b6d5-1615c9c7a944,prepares.cards,available,30.2,30.2,medium,low,8,cloudflare,,,30/09/2026 16:00
a56fcebb-dd31-4396-ad2a-af488fd632d7,abaca.cards,available,40.98,48.98,medium,low,5,namecheap,,,16/09/2026 13:44
bf224049-12ee-4894-b70b-52d1964e1ea0,neotenous.cards,available,38.99,38.99,low,low,9,namesilo,,,03/09/2026 15:33
bbbcc361-90fd-4941-b014-fdc9ea03cf16,cornish.cards,available,3.99,50.99,high,low,7,name.com,,,13/08/2026 01:42
736e3fbe-923c-4caa-9898-08d7459fd815,hangzhou.cards,available,38.99,38.99,high,low,8,namesilo,,,30/09/2026 17:32
7c1c6083-98a8-4377-a03c-18decbea3267,easton.cards,available,38.99,38.99,medium,low,6,namesilo,,,25/09/2026 16:33
179d9f94-7ee5-42d3-878b-65ee2ceca573,designers.cards,available,38.99,38.99,high,low,9,namesilo,,,29/09/2026 12:09
5dfb8ff4-64a2-41f8-a09e-6a364c7a34b7,poughkeepsie.cards,available,31.25,31.25,medium,low,12,spaceship,,,29/09/2026 04:37
0fc3c2f4-e607-4e7c-b64a-1a9b9cf7951b,dissolve.cards,available,31.25,31.25,high,low,8,spaceship,,,29/09/2026 16:16
33be7a94-1770-4b3a-b9ac-32b85e4a9446,awakening.cards,available,31.25,31.25,high,low,9,spaceship,,,28/09/2026 23:36
5d318ddc-5b37-49fc-bf1d-40848259c02c,westbury.cards,available,31.25,31.25,medium,low,8,spaceship,,,30/09/2026 05:55
35fac901-f61c-40c1-8f5c-bacd0f2f267f,weil.cards,available,38.99,38.99,medium,low,4,namesilo,,,19/09/2026 04:20
7654e047-99bc-4bfd-bfa9-73e1a49e715b,untreated.cards,available,38.99,38.99,medium,low,9,namesilo,,,12/09/2026 21:44
c79c4189-38c6-4ecc-b06d-1c3bb1b5c8e8,janet.cards,available,38.99,38.99,high,low,5,namesilo,,,25/09/2026 13:29
41cb8664-0608-4214-91eb-1031ab802c4f,throws.cards,available,38.99,38.99,medium,low,6,namesilo,,,19/09/2026 00:51
fb32a83e-6ba2-450f-916d-ef591c0b37bd,nights.cards,available,38.99,38.99,high,low,6,namesilo,,,17/09/2026 22:10
51f0ca42-796a-4b43-aea5-08d6b3fd01b2,westwood.cards,available,3.99,,high,low,8,name.com,,,
922e70d3-f806-45ae-864e-ec9b656f182b,flagrant.cards,available,3.99,50.99,medium,low,8,name.com,,,15/08/2026 19:50
e170f120-1e98-4d28-82b8-2ae20eacf22a,vales.cards,available,38.99,38.99,medium,low,5,namesilo,,,21/09/2026 02:12
95112b66-9053-4f13-b126-a5909972f5f5,lease.cards,premium,118.8,118.8,high,low,5,namesilo,,,09/09/2026 14:19
51d79ba8-84b5-42c1-abbe-e5fdbdb0da1b,commit.cards,available,2.57,31.41,high,low,6,porkbun,,,30/09/2026 17:30
c807c4ca-6be3-4c19-af71-ebfe264718ba,adults.cards,available,38.99,38.99,medium,low,6,namesilo,,,27/09/2026 09:52
60c266d7-4b14-4892-a975-3da349ec02a4,antiserum.cards,available,38.99,38.99,medium,low,9,namesilo,,,19/09/2026 15:05
4120e001-97b6-4678-b253-5670ff1b8dc6,enlivening.cards,available,3.99,50.99,medium,low,10,name.com,,,
99261f63-4c79-4623-b661-cd084651d7b3,domed.cards,available,3.99,50.99,high,low,5,name.com,,,14/08/2026 15:37
5faf41a0-309d-4865-9c7a-09181e020432,salah.cards,available,31.25,31.25,high,low,5,spaceship,,,30/09/2026 18:35
1c23cedd-0a33-4662-a06e-089102c1ff9d,pervasive.cards,available,38.99,38.99,high,low,9,namesilo,,,08/09/2026 17:44
b6b1be67-e192-4f71-9c25-4329df630f65,toilets.cards,available,38.99,38.99,low,low,7,namesilo,,,28/09/2026 23:58
5d875f15-49c4-405a-875b-bbb04ae9c14a,bracelet.cards,available,38.99,38.99,high,low,8,namesilo,,,22/09/2026 01:56
f5b9fd36-a21c-4d42-ab4c-caa70df13b3b,oozy.cards,available,38.99,38.99,medium,low,4,namesilo,,,04/09/2026 15:30
1a534184-bad7-4cc6-975d-ab40c3f2423b,desiccated.cards,available,3.99,50.99,medium,low,10,name.com,,,14/08/2026 03:33
31dc0cbb-96ee-4deb-946e-3d8d3567c87d,demoralize.cards,available,3.99,50.99,medium,low,10,name.com,,,13/08/2026 02:16
74b49c45-2d48-443a-9888-f85c32ca1491,pummel.cards,available,38.99,38.99,medium,low,6,namesilo,,,23/09/2026 13:52
ce067132-ce49-4220-b914-c4c44430b642,vile.cards,available,3.99,50.99,medium,low,4,name.com,,,14/08/2026 04:01
fbca9707-c056-40ae-bdea-ac311af322aa,subalpine.cards,available,3.99,50.99,medium,low,9,name.com,,,
6525c9f6-2bcd-4d68-a39d-796407858bb5,anonymity.cards,available,38.99,38.99,high,low,9,namesilo,,,19/09/2026 11:38
1ce77912-64e4-4769-89a1-a4d5bc687027,carbonates.cards,available,31.25,31.25,medium,low,10,spaceship,,,30/09/2026 00:32
d83f48f7-7a67-44d6-8354-b44e6c5fa5d1,algernon.cards,available,40.98,48.98,medium,low,8,namecheap,,,30/09/2026 21:13
a1c69263-58e7-4b1c-b82d-5162a33f2293,lockport.cards,available,30.2,30.2,medium,low,8,cloudflare,,,30/09/2026 13:59
3d1e38c1-6f6d-43ce-b29b-49a4b765e4eb,crayola.cards,available,,,high,medium,7,,,,
84dfa5cc-76fa-4319-a2b2-15be04c2f003,deictic.cards,available,3.99,50.99,medium,low,7,name.com,,,14/08/2026 00:12
a86dd2f6-23df-458a-a2ad-6635cf14d64e,senescent.cards,available,3.99,50.99,medium,low,9,name.com,,,
4bb857c3-d13b-445e-b3e3-c685ab38fa83,hueless.cards,available,3.99,50.99,medium,low,7,name.com,,,21/08/2026 14:36
36d9b84b-31c7-44c0-a111-91bbe3e0fa60,sprightly.cards,available,38.99,38.99,medium,low,9,namesilo,,,10/09/2026 16:49
22395ce5-c152-4e44-972f-a9b00a55922c,generally.cards,available,38.99,38.99,medium,low,9,namesilo,,,28/09/2026 13:35
c52ae641-f119-4d25-8202-412660ceebec,badinage.cards,available,38.99,38.99,medium,low,8,namesilo,,,21/09/2026 17:13
b916814a-44e9-4849-8f25-00597696b4e1,yen.cards,available,2.57,31.41,high,low,3,porkbun,,,29/09/2026 07:09
5aac3dd4-63a5-450f-8904-3c77757dcd9e,damnably.cards,available,3.99,50.99,low,low,8,name.com,,,13/08/2026 16:35
5a1045f6-eb50-4774-9f00-35648921ecf5,condiment.cards,available,31.25,31.25,high,low,9,spaceship,,,29/09/2026 10:37
a7f52819-d756-4e6b-845c-e8c8f266a4e7,cutting.cards,available,3.99,50.99,high,low,7,name.com,,,13/08/2026 13:12
3b3807c7-6e8f-44e4-96c7-1db31357f035,amorous.cards,available,38.99,38.99,high,low,7,namesilo,,,22/09/2026 03:25
20eb92d6-66d7-4011-89f2-cdc32a5f1ab3,desired.cards,available,38.99,38.99,high,low,7,namesilo,,,24/09/2026 00:57
fe86f7c5-4c0d-4e0c-b2fe-b4234b42d037,unitarian.cards,available,38.99,38.99,high,low,9,namesilo,,,12/09/2026 13:56
92180043-b838-4cd1-acd1-809b1358ebda,logy.cards,available,3.99,50.99,medium,low,4,name.com,,,18/08/2026 09:55
15621d38-29a8-4284-b300-cf174e8156de,pockets.cards,available,38.99,38.99,medium,low,7,namesilo,,,27/09/2026 02:53
0bb2cd72-e7d6-4597-8853-4fe3c169689b,awol.cards,available,3.99,50.99,high,low,4,name.com,,,08/08/2026 01:46
4229836c-fb8a-4d14-b585-fc5ac51bd2b3,asphodel.cards,available,40.98,48.98,medium,low,8,namecheap,,,20/09/2026 15:08
580c5430-5138-4267-9835-a3e8059d6c8c,murder.cards,available,38.99,38.99,medium,low,6,namesilo,,,26/09/2026 00:00
4aa54b7e-59d6-4c3d-b997-ca61f1a2df29,grump.cards,available,3.99,50.99,medium,low,5,name.com,,,13/08/2026 04:58
d398863c-be64-476c-adbc-bfd9ee4d5463,braga.cards,available,38.99,38.99,high,low,5,namesilo,,,30/09/2026 08:48
0e2a04a7-3952-4f2e-bde4-a0a6cd55938f,supportive.cards,available,31.25,31.25,high,low,10,spaceship,,,28/09/2026 02:03
15045dc9-b719-47e7-89fc-5b07f13b1398,distinguished.cards,available,3.99,,high,low,13,name.com,,,
1b1dcc3a-121d-4ca7-88c9-c2ce8f760653,buzzing.cards,available,3.99,50.99,high,low,7,name.com,,,
d06b41e1-9501-498f-9029-1286819dda58,drills.cards,available,38.99,38.99,medium,low,6,namesilo,,,30/09/2026 15:41
a61e2f68-9ff4-4cd4-9dcc-3e4767f81064,thenar.cards,available,38.99,38.99,medium,low,6,namesilo,,,11/09/2026 12:51
07a815fa-2cb1-443a-a9d8-2b4444cab3a9,kharkov.cards,available,31.25,31.25,medium,low,7,spaceship,,,30/09/2026 17:47
df57d50a-a007-40cc-a8fe-445c9b5f81a7,redial.cards,available,38.99,38.99,high,low,6,namesilo,,,16/09/2026 12:47
f9b2a6a6-74d1-482d-86f0-6ef7c8206db6,mellowly.cards,available,3.99,50.99,medium,low,8,name.com,,,24/08/2026 19:31
592fa984-7164-440a-834f-2bde02b4b628,senatorial.cards,available,38.99,38.99,medium,low,10,namesilo,,,10/09/2026 03:38
0b506dae-e5e0-466d-bfbe-67c9ba136670,mayo.cards,available,31.25,31.25,high,low,4,spaceship,,,30/09/2026 10:34
46a38034-8364-4bc5-ab8f-84ec97f32fb7,cherished.cards,available,3.99,50.99,high,low,9,name.com,,,12/08/2026 04:13
b5b243ac-dd29-4793-9999-48cb9b27dd38,neotenic.cards,available,38.99,38.99,medium,low,8,namesilo,,,03/09/2026 15:31
80080c83-b581-4563-ac2c-0f0b315d995c,adapa.cards,available,38.99,38.99,medium,low,5,namesilo,,,17/09/2026 06:23
11a746d3-e090-43dd-87cb-5902fadaf24f,scribe.cards,available,38.99,38.99,high,low,6,namesilo,,,21/09/2026 03:59
942dc3aa-921b-4620-b6d0-a041b959881d,hume.cards,available,40.98,48.98,high,low,4,namecheap,,,25/09/2026 04:46
281cb224-775b-4f1b-93f2-c47631198c52,oratorical.cards,available,38.99,38.99,medium,low,10,namesilo,,,04/09/2026 17:30
6ee84654-d970-4510-a722-c9244bc29a55,blackstone.cards,available,30.2,30.2,high,low,10,cloudflare,,,28/09/2026 04:09
e6b0d456-60c3-44eb-a6ba-4adeb9f5a3eb,tibet.cards,available,31.25,31.25,high,low,5,spaceship,,,28/09/2026 20:29
d8989049-c2bf-47c9-969f-2fbcbf889ad9,emanuel.cards,available,38.99,38.99,high,low,7,namesilo,,,25/09/2026 14:33
0be0bd4f-4fe5-4853-a482-6b72e3383a56,amiable.cards,available,40.98,48.98,high,low,7,namecheap,,,21/09/2026 21:32
2da7f0eb-2e74-44ab-b002-0308b929e5fa,antonymous.cards,available,3.99,50.99,medium,low,10,name.com,,,05/08/2026 20:16
ebbffd01-b9b2-4f2d-839a-ea32fa498309,bearberry.cards,available,40.98,48.98,medium,low,9,namecheap,,,22/09/2026 20:57
926c0ab8-b580-4ed1-903e-3450962e2384,continuity.cards,available,38.99,38.99,high,low,10,namesilo,,,24/09/2026 17:42
b66b0869-2933-4fc9-b0d9-5a080f6264ca,punctually.cards,available,3.99,50.99,medium,low,10,name.com,,,14/09/2026 14:45
a2922df8-8ab3-4c06-946b-a2088a1fdb16,starving.cards,available,40.98,48.98,medium,low,8,namecheap,,,10/09/2026 19:04
1e3f869e-a180-40df-b70e-71d4b1446398,grantee.cards,available,38.99,38.99,medium,low,7,namesilo,,,18/09/2026 07:39
ca3706fd-17b1-4194-9a17-598380fa1f1b,tanning.cards,available,3.99,50.99,high,low,7,name.com,,,22/08/2026 20:14
3dc7f059-c392-4103-9e47-bfa457368462,earthling.cards,available,38.99,38.99,high,low,9,namesilo,,,11/09/2026 10:43
c0c4f943-06d0-4e58-9014-0b8426cb36d6,abidjan.cards,available,40.98,48.98,medium,low,7,namecheap,,,16/09/2026 15:38
4895447e-8523-4fd7-9ea6-2e4fe8da8964,wroth.cards,available,38.99,38.99,medium,low,5,namesilo,,,13/09/2026 13:38
e241fb30-5b50-4112-a4e2-8840ddd13298,entranced.cards,available,3.99,50.99,medium,low,9,name.com,,,09/08/2026 10:11
8690dd5c-35d1-4f21-870e-6a7454a3759d,storylines.cards,available,31.25,31.25,medium,low,10,spaceship,,,01/10/2026 00:32
a0647d4a-dfec-4e2d-8d53-5221de1e4921,remnant.cards,available,3.99,50.99,high,low,7,name.com,,,22/08/2026 22:50
fda6523f-cf6e-403b-9449-72d3dfd62fe7,bile.cards,available,38.99,38.99,medium,low,4,namesilo,,,23/09/2026 15:41
b5e732b7-e25d-4551-9ca6-508bef594de7,kwhr.cards,available,38.99,38.99,high,low,5,namesilo,,,21/09/2026 11:57
e185e579-3b47-479d-8a48-59a671fe5986,stature.cards,available,31.25,31.25,high,low,7,spaceship,,,29/09/2026 08:08
b542273a-2f56-4d4d-ade8-23afa73e610b,unsigned.cards,available,40.98,48.98,medium,low,8,namecheap,,,12/09/2026 19:55
86552d38-9cdc-4519-9332-06aad5c31130,sectorial.cards,available,38.99,38.99,medium,low,9,namesilo,,,10/09/2026 01:22
ac54057c-29cd-408a-be8b-364225209e6a,aeolis.cards,available,38.99,38.99,low,low,6,namesilo,,,17/09/2026 12:32
43166e68-ee5d-4f96-b5b2-cd8e1e283751,lucca.cards,available,38.99,38.99,medium,low,5,namesilo,,,29/09/2026 21:45
00c70351-beee-46bb-b4a7-5fbeea781637,spencer.cards,available,38.99,38.99,high,low,7,namesilo,,,27/09/2026 14:02
f5ac53bf-dc4e-4f55-a1f3-fbeb0b2d3352,kao.cards,available,31.25,31.25,medium,low,3,spaceship,,,30/09/2026 13:44
0b9f167e-4528-44f0-b659-56747f7309d9,enthusiast.cards,available,38.99,38.99,high,low,10,namesilo,,,08/09/2026 02:16
04e51aaf-04dc-4cae-a7b2-da2ac96fc78f,platypus.cards,available,38.99,38.99,high,low,8,namesilo,,,25/09/2026 00:17
e0427b05-117a-41f5-8612-caa348bed88a,adad.cards,available,38.99,38.99,medium,low,4,namesilo,,,17/09/2026 06:02
863c27c5-69b4-47fa-a4f3-63a76856b082,conjointly.cards,available,38.99,38.99,medium,low,10,namesilo,,,14/09/2026 07:27
1552b293-3417-4343-a15e-7a1426bf6670,housewife.cards,available,38.99,38.99,medium,low,9,namesilo,,,29/09/2026 01:18
e51bd639-745d-4af2-9ba9-93d431bf9741,owned.cards,available,38.99,38.99,high,low,5,namesilo,,,26/09/2026 03:41
39acd19c-2b11-499b-97d9-ec47c164f714,niffy.cards,available,38.99,38.99,low,low,5,namesilo,,,03/09/2026 17:10
2d099347-a253-4293-bbeb-6533d1c441b3,elimination.cards,available,38.99,38.99,high,low,11,namesilo,,,28/09/2026 02:39
86e46744-2325-42d1-921b-acdc753b2d56,tropics.cards,available,38.99,38.99,high,low,7,namesilo,,,30/09/2026 11:12
0503d027-1e26-4143-8b76-74e9700a68b0,shook.cards,available,30.2,30.2,medium,low,5,cloudflare,,,28/09/2026 20:26
6a1b006b-cc1d-4b96-8b65-5ec75fdab1bf,overnice.cards,available,40.98,48.98,medium,low,8,namecheap,,,04/09/2026 21:20
c0ec99c2-2bb4-425c-a0c0-516d7f426122,colonised.cards,available,3.99,50.99,medium,low,9,name.com,,,12/08/2026 17:25
cd6b0479-e041-4571-9949-3c39cf7f6d7f,antiacid.cards,available,38.99,38.99,medium,low,8,namesilo,,,22/09/2026 05:47
f685ebc4-50e7-408b-9076-4ae74735da98,amount.cards,available,31.25,31.25,high,low,6,spaceship,,,29/09/2026 07:57
83eec157-b11d-487c-affe-e7778cd22a03,imagining.cards,available,38.99,38.99,high,low,9,namesilo,,,29/09/2026 14:49
cb696ed9-2998-4be4-8e78-9afaa01cd6a4,gad.cards,available,40.98,48.98,medium,low,3,namecheap,,,19/09/2026 15:59
5b2f2104-6ab6-4e83-9233-a519cb733d31,shamanism.cards,available,38.99,38.99,medium,low,9,namesilo,,,20/09/2026 14:05
10e450a1-420a-4008-8852-73caf78db0c9,debacle.cards,available,38.99,38.99,medium,low,7,namesilo,,,13/09/2026 07:56
851724ca-a3ab-440d-ba6b-0161b2ac4b88,walked.cards,available,38.99,38.99,medium,low,6,namesilo,,,18/09/2026 01:20
fb75dcd3-3d61-4192-a7ad-0aad527f0db1,viennese.cards,available,38.99,38.99,high,low,8,namesilo,,,13/09/2026 05:30
90ee8d6a-b7fb-4c3f-b3ef-16f705c64da9,seats.cards,available,40.98,48.98,high,low,5,namecheap,,,30/09/2026 10:51
99cec916-6cc8-49b5-a3fe-2909289f7d54,diocesan.cards,available,3.99,50.99,medium,low,8,name.com,,,14/08/2026 08:18
3d7b1535-e833-4d52-9bc6-e2f7860764b8,overload.cards,available,38.99,38.99,high,low,8,namesilo,,,29/09/2026 13:38
40efa2d0-c92d-43c1-86d2-2f3b1cb9e7ca,wapiti.cards,available,38.99,38.99,medium,low,6,namesilo,,,18/09/2026 19:45
895d5610-4992-4615-ba87-c5881f9d7757,backlash.cards,available,38.99,38.99,high,low,8,namesilo,,,21/09/2026 15:29
ff87ee73-9aba-4e14-9fcf-dcde6bd839cd,solomonic.cards,available,38.99,38.99,medium,low,9,namesilo,,,10/09/2026 13:43
e90eb112-6c67-4ab9-acb1-fac620d5d721,sneezed.cards,available,40.98,48.98,low,low,7,namecheap,,,20/09/2026 15:10
6afd2428-a156-40c2-ae79-2705a7a82090,migration.cards,available,38.99,38.99,high,low,9,namesilo,,,29/09/2026 19:39
c6e0e712-74f9-4155-a3cb-3cb121ea32b7,denies.cards,available,2.5,32.21,low,low,6,dynadot,,,29/09/2026 15:56
f5581a02-07d9-43b6-8973-112c2b68dbe3,nettlesome.cards,available,3.99,50.99,medium,low,10,name.com,,,
7da13105-3ae7-451e-8e91-04fe2ac48a36,fateful.cards,available,3.99,50.99,medium,low,7,name.com,,,11/08/2026 13:32
104c0285-ff4c-4f3a-aa06-b92bc8b4f990,underwater.cards,available,40.98,48.98,medium,low,11,namecheap,,,16/09/2026 17:58
ad958dcf-9614-4559-b94d-a2bbf04ae397,xxiii.cards,available,3.99,50.99,medium,low,5,name.com,,,
a9a77c5e-e64b-48dc-a5b2-7e6dea741de2,caucasian.cards,available,3.99,50.99,high,low,9,name.com,,,11/08/2026 22:16
8d0072c8-1948-442b-8393-8546eab8b899,federated.cards,available,3.99,50.99,high,low,9,name.com,,,18/08/2026 00:38
43c0e483-60d3-411e-994d-fb7384e9fd12,essen.cards,available,31.25,31.25,medium,low,5,spaceship,,,28/09/2026 19:08
eb7471d0-541a-4a1e-91fa-70432e1b8e27,garnering.cards,available,2.57,31.41,high,low,9,porkbun,,,30/09/2026 11:55
82e8dbf1-0179-411f-a33f-562c0d3f3f37,parole.cards,available,31.25,31.25,high,low,6,spaceship,,,28/09/2026 05:28
49970c35-7a42-4ccd-9da0-b20916b9887b,bulgarian.cards,available,3.99,50.99,high,low,9,name.com,,,11/08/2026 08:23
e88ebb8b-0b95-499d-805e-cd5b837c1163,thespian.cards,available,38.99,38.99,high,low,8,namesilo,,,11/09/2026 13:05
9d3f6838-dfef-4e4e-a9f1-27d200d3714c,while.cards,available,38.99,38.99,high,low,5,namesilo,,,30/09/2026 14:40
cb9a41e7-faff-498b-92f6-2a21aa95cd6b,savages.cards,available,38.99,38.99,low,low,7,namesilo,,,30/09/2026 06:49
67a2b233-b88d-469c-8456-cc768e48208d,wharton.cards,available,38.99,38.99,high,low,7,namesilo,,,25/09/2026 22:32
acfc77cb-15f9-4911-8744-c9ccf3340608,powerful.cards,available,38.99,38.99,high,low,8,namesilo,,,23/09/2026 09:23
fd307c2c-7965-4d14-978b-998c588393cf,bye.cards,premium,102.67,102.67,high,low,3,spaceship,,,28/09/2026 18:38
e50b6a66-b695-4af2-b9d6-3986cd79751b,hollow.cards,available,3.99,50.99,high,low,6,name.com,,,21/08/2026 10:31
102a5fec-4722-4b92-aaf4-6a55f4a3429a,rennie.cards,available,31.25,31.25,high,low,6,spaceship,,,30/09/2026 12:40
7314d255-bbbe-499d-8475-a25378bf6918,modification.cards,available,38.99,38.99,high,low,12,namesilo,,,29/09/2026 22:49
66eb9d8c-deb3-4b2c-81c8-7d6181e39af2,dearie.cards,available,3.99,50.99,high,low,6,name.com,,,13/08/2026 18:19
285267f4-4c62-4ce4-9e16-3c4479a03f8e,satiable.cards,available,38.99,38.99,medium,low,8,namesilo,,,09/09/2026 21:37
2bb33c87-6ed3-4b0c-8320-b71444a211c8,spam.cards,available,38.99,38.99,high,low,4,namesilo,,,30/09/2026 01:08
5229d78d-8522-4a5b-819a-4f82e6e4cfb6,limbs.cards,available,31.25,31.25,medium,low,5,spaceship,,,29/09/2026 04:58
1decc6f0-9f3b-4a2d-9a42-f93688cf9e86,anamorphic.cards,available,3.99,50.99,medium,low,10,name.com,,,
79b61419-fee1-408d-bf2d-c869fcf451e9,mons.cards,available,2.5,32.21,high,low,4,dynadot,,,28/09/2026 14:54
990ceea5-7c66-46d3-b237-fe4f6c83aa41,organisations.cards,available,38.99,38.99,medium,low,13,namesilo,,,21/09/2026 01:37
0d8d1f72-fd8e-4092-ac17-263a9377c6bd,rove.cards,available,3.99,50.99,high,low,4,name.com,,,10/09/2026 22:12
b4e87c47-8118-414c-8f91-64238d486ae0,luca.cards,available,31.25,31.25,high,medium,4,spaceship,,,28/09/2026 07:26
897044e3-4abc-47f6-b16b-fb687054ee31,humdrum.cards,available,3.99,50.99,medium,low,7,name.com,,,21/08/2026 15:05
e49aaa29-502c-47ea-ab4f-ab567fbc77aa,phases.cards,available,38.99,38.99,medium,low,6,namesilo,,,18/09/2026 14:38
643fb18f-b3a5-4078-bcb1-eadc198be7f0,bumpkin.cards,available,3.99,50.99,medium,low,7,name.com,,,21/08/2026 08:07
bebfaf75-acab-412f-991f-62031de07324,sammy.cards,available,38.99,38.99,high,low,5,namesilo,,,26/09/2026 03:25
c53c0991-0a53-43e9-98fc-b60f0047b4d5,hartley.cards,available,38.99,38.99,high,low,7,namesilo,,,25/09/2026 04:45
0962b7d2-b2d0-4e68-8485-25b34c341b75,brotherly.cards,available,3.99,50.99,high,low,9,name.com,,,11/08/2026 06:18
13fd12f0-1fb9-4d6d-b205-6526fe8be126,heedful.cards,available,3.99,50.99,medium,low,7,name.com,,,
cf2792ca-d674-4e48-99b8-8cf57608452c,motorist.cards,available,38.99,38.99,high,low,8,namesilo,,,21/09/2026 07:26
088b9244-03ea-42ed-aad6-ee1ec163a15d,langdon.cards,available,38.99,38.99,medium,low,7,namesilo,,,28/09/2026 16:35
92a64b34-fb1b-4d8a-a7e4-3d51053722e8,nifty.cards,available,3.99,50.99,high,low,5,name.com,,,08/08/2026 12:38
55b60b17-29d6-42bc-8adf-ff0a0562d2f9,frameworks.cards,available,2.57,31.41,high,low,10,porkbun,,,28/09/2026 00:38
e5d0c83c-1065-4053-8f3e-e1c299505f90,stints.cards,available,38.99,38.99,medium,low,6,namesilo,,,20/09/2026 14:23
e3df731a-def7-425a-8ea5-77511b14e6c5,appreciates.cards,available,40.98,48.98,medium,low,11,namecheap,,,20/09/2026 20:35
9a7ec656-a9a5-41aa-8e6f-dcdc47454f9e,styling.cards,available,40.98,48.98,high,low,7,namecheap,,,17/09/2026 18:14
4c9eb6d2-6004-4c61-95d9-465a3c88a289,therapeutic.cards,available,40.98,48.98,high,low,11,namecheap,,,29/09/2026 14:26
57eaa593-b348-4c0a-84ee-10f0050f7308,fontenoy.cards,available,38.99,38.99,medium,low,8,namesilo,,,22/09/2026 15:04
874ce4ce-c3c6-4eeb-a025-7886046b302c,doting.cards,available,3.99,50.99,high,low,6,name.com,,,14/08/2026 16:28
02e9ebad-0664-4539-a284-4770eaf42a78,uric.cards,available,38.99,38.99,medium,low,4,namesilo,,,12/09/2026 23:37
8829090f-0cd9-4931-b63f-d4cbeff3d497,armoire.cards,available,38.99,38.99,medium,low,7,namesilo,,,20/09/2026 07:20
ff53f047-8920-45ac-a7d8-1d5f81164f70,confetti.cards,available,31.25,31.25,high,low,8,spaceship,,,29/09/2026 10:53
384bd935-c25a-4c8c-82f9-fcc1b80d5ab7,most.cards,available,38.99,38.99,high,low,4,namesilo,,,25/09/2026 21:48
6c2bb55d-f3f7-4448-9a31-13d4b3b62f2f,avahi.cards,available,38.99,38.99,medium,low,5,namesilo,,,21/09/2026 08:36
7cb03414-9fcf-44bc-a372-11b372847171,apache.cards,available,40.98,48.98,high,low,6,namecheap,,,19/09/2026 16:09
fd26f98b-eb43-4c28-b11e-60c5edb794bf,winfred.cards,available,40.98,48.98,medium,low,7,namecheap,,,19/09/2026 19:23
f16b4d85-2db4-4724-84e4-621b2d44a283,employ.cards,available,38.99,38.99,high,low,6,namesilo,,,08/09/2026 13:39
82788586-b954-4c2e-b98c-633ce32ff6b4,nubby.cards,available,3.99,50.99,medium,low,5,name.com,,,21/08/2026 11:15
47698adf-08e7-4713-a632-22e224b57c5c,toward.cards,available,38.99,38.99,high,low,6,namesilo,,,01/10/2026 02:02
11caef41-1827-4921-9d31-4894d8f76e44,biennial.cards,available,3.99,50.99,high,low,8,name.com,,,09/08/2026 19:52
f60871ef-ffa4-4dc6-ab03-6f1be28a0cb9,uncrossed.cards,available,38.99,38.99,medium,low,9,namesilo,,,12/09/2026 06:33
966ad09a-d5c2-4295-8a00-b588e1fa4c3d,overheard.cards,available,30.2,30.2,medium,low,9,cloudflare,,,29/09/2026 22:55
b183ad62-5196-4103-822e-1fe604dc1666,titus.cards,available,38.99,38.99,high,low,5,namesilo,,,25/09/2026 05:37
e0ba3912-b926-42d5-9703-7aff86f1f9c8,gratis.cards,premium,123.75,123.75,high,low,6,name.com,,,20/08/2026 18:35
70f328de-e7d1-4718-80e7-763ea5b64086,unconfined.cards,available,38.99,38.99,medium,low,10,namesilo,,,12/09/2026 06:03
f6b2d429-b49f-4281-9503-4182cc67de7c,taylor.cards,available,40.98,48.98,high,low,6,namecheap,,,29/09/2026 13:29
9b3895e1-2307-4284-ac84-b514536be745,shadowed.cards,available,38.99,38.99,medium,low,8,namesilo,,,10/09/2026 05:25
67975584-ebc4-471b-b2a2-f60f2e6aa26e,trieste.cards,available,2.5,32.21,medium,low,7,dynadot,,,27/09/2026 18:38
d106f15d-8c07-4bef-a985-a137834383c6,blackseed.cards,available,38.99,38.99,medium,low,9,namesilo,,,24/09/2026 03:00
a251de23-b807-4c8a-a259-2b0a47bb68eb,coyne.cards,available,31.25,31.25,medium,low,5,spaceship,,,30/09/2026 04:24
12ca7cc2-3c3b-480e-a572-172a1ba2ee02,committees.cards,available,40.98,48.98,medium,low,10,namecheap,,,20/09/2026 09:05
0374b44c-2d79-44ad-85f0-db4fa7abd744,unruly.cards,available,3.99,50.99,high,low,6,name.com,,,10/08/2026 17:42
c5f05144-4931-432d-9165-a7ae2ad2bb4c,nadia.cards,available,38.99,38.99,medium,low,5,namesilo,,,28/09/2026 22:03
c48fac7f-5885-4e9e-8df9-1fc80d8d65ba,ivo.cards,available,38.99,38.99,high,low,3,namesilo,,,30/09/2026 04:54
23998ed3-a396-4236-8180-f946e577e286,blowing.cards,available,38.99,38.99,medium,low,7,namesilo,,,25/09/2026 00:21
f7289165-0d06-45e1-b398-7de1fdf3c294,unimposing.cards,available,38.99,38.99,medium,low,10,namesilo,,,12/09/2026 13:12
c79c1054-d33a-4879-b7d9-4fd871d4a2d1,ironlike.cards,available,3.99,50.99,medium,low,8,name.com,,,22/08/2026 10:10
71f36d96-41f3-4464-a16f-be2fb587a4c3,novel.cards,available,38.99,38.99,high,low,5,namesilo,,,03/09/2026 22:19
1b6b29df-6c6f-46c9-8335-8f7f1e140d17,polyphonic.cards,available,38.99,38.99,medium,low,10,namesilo,,,08/09/2026 23:27
84842b28-7545-4e24-b95e-f33d6dafd551,shuttle.cards,available,2.57,31.41,high,low,7,porkbun,,,27/09/2026 15:53
ef5d5ce8-9a27-4c09-8508-04eb6c9911ef,spangly.cards,available,3.99,50.99,medium,low,7,name.com,,,18/08/2026 21:20
3d898f6f-f6a3-4071-8bee-4c591e2bac75,clitoris.cards,available,40.98,48.98,high,low,8,namecheap,,,24/09/2026 15:48
f2b0f91e-5bfd-45b7-9f81-2f779dd49e7b,raphael.cards,available,31.25,31.25,high,low,7,spaceship,,,29/09/2026 13:44
101fd8db-a12b-4fb4-a792-759b50f86787,malayan.cards,available,3.99,50.99,medium,low,7,name.com,,,24/08/2026 13:44
8a9d3675-a1fd-480c-9e66-3039c617c9c7,resistant.cards,available,38.99,38.99,high,low,9,namesilo,,,09/09/2026 15:18
0fc76c41-ce57-4be9-aa48-59a2cf0fe137,bandbox.cards,available,38.99,38.99,medium,low,7,namesilo,,,22/09/2026 01:01
8b77d203-f3e1-424e-a4a3-d503ff7b079c,disdain.cards,available,40.98,48.98,medium,low,7,namecheap,,,24/09/2026 17:41
8d553698-a29f-4f4b-986a-1653b3467788,waltz.cards,available,30.2,30.2,high,low,5,cloudflare,,,28/09/2026 15:32
86585022-7768-4a20-88c3-8c6bc6681d21,mesozoic.cards,available,3.99,50.99,medium,low,8,name.com,,,24/08/2026 21:21
a8112156-ad22-45e1-ae2d-754cc66c09a8,fonts.cards,available,38.99,38.99,medium,low,5,namesilo,,,20/09/2026 22:56
8111a73c-7f1f-4c7a-808a-65733712ab58,mottled.cards,available,3.99,50.99,medium,low,7,name.com,,,13/08/2026 17:41
36e58ae9-3659-4f66-a770-3f41e5c5a20f,finable.cards,available,3.99,50.99,medium,low,7,name.com,,,18/08/2026 04:28
00be78f4-89a9-400a-8542-aa6ece6d2763,yvette.cards,available,30.2,30.2,medium,low,6,cloudflare,,,30/09/2026 20:09
a187e4bf-7d8e-4b8c-9cbc-94c6b88b0fe2,zane.cards,available,31.25,31.25,high,low,4,spaceship,,,29/09/2026 04:01
be9280c6-2960-4fa8-b7bd-226a30c2325b,oracular.cards,available,38.99,38.99,medium,low,8,namesilo,,,04/09/2026 17:12
9bb17a81-11e1-498f-a1f3-2722fb546bc4,michelle.cards,available,38.99,38.99,high,low,8,namesilo,,,25/09/2026 13:16
eed4e1d8-54e2-4f7f-b58e-3f36f195e935,belt.cards,available,38.99,38.99,high,low,4,namesilo,,,28/09/2026 13:21
20936a7d-13ed-4754-8797-03e152d1603b,sahel.cards,available,31.25,31.25,medium,low,5,spaceship,,,30/09/2026 20:57
df5164f6-948b-4754-89f6-392d48b770dd,dirigible.cards,available,3.99,50.99,high,low,9,name.com,,,14/08/2026 09:02
5b39f5ad-8472-4076-bd80-947924b301d5,unification.cards,available,31.25,31.25,high,low,11,spaceship,,,30/09/2026 00:02
fafadc74-bc16-4396-b7bb-597640d61e74,lowborn.cards,available,3.99,50.99,medium,low,7,name.com,,,24/08/2026 10:44
11d892e9-7dfa-473f-89cf-5f6f0a775b37,vermont.cards,available,30.2,30.2,high,low,7,cloudflare,,,28/09/2026 09:57
a285c92f-1941-497b-976e-b384d4dfaf01,prowlers.cards,available,38.99,38.99,low,low,8,namesilo,,,20/09/2026 12:42
57a5fc93-ed8e-4cde-bc38-9d768c0da374,parietal.cards,available,38.99,38.99,medium,low,8,namesilo,,,08/09/2026 01:33
3f9029e5-dc0d-48ea-a5ec-b0aa15b3f9df,galactic.cards,available,3.99,50.99,high,low,8,name.com,,,18/08/2026 19:35
ba2b6bb2-8072-447a-aa03-ba84697577c0,trig.cards,available,3.99,50.99,high,low,4,name.com,,,12/08/2026 10:13
afebe6cf-a894-498a-93b5-5e4a1eeea335,plausible.cards,available,40.98,48.98,high,low,9,namecheap,,,08/09/2026 20:55
5296bf42-a3e8-48e9-9c92-2f965c9da3c1,bicentric.cards,available,3.99,50.99,medium,low,9,name.com,,,09/08/2026 19:09
d0f753b7-29bf-41d4-b385-fdaaf2530469,backbone.cards,available,40.98,48.98,high,low,9,namecheap,,,21/09/2026 15:14
941dce53-cf8f-415b-903b-ce3549c57a1a,aeriferous.cards,available,3.99,50.99,medium,low,10,name.com,,,
6a013d14-5ddc-473b-87ce-c20f95ec9d58,operationally.cards,available,2.5,32.21,medium,low,13,dynadot,,,29/09/2026 17:55
18ac918a-333a-49e4-bb31-f1716b242724,gratified.cards,available,3.99,50.99,high,low,9,name.com,,,20/08/2026 18:24
80619ab1-7a69-482f-b0d3-8f30377e8208,kaye.cards,available,31.25,31.25,high,low,4,spaceship,,,28/09/2026 04:47
02230b99-3a92-42b0-8814-7c08160ad6f8,kind.cards,resell,,,high,low,4,"GoDaddy.com, LLC",30/01/2015 03:23,30/01/2027 03:23,26/09/2026 07:05
fcd60414-4411-48d3-abac-e3cce15d8a60,marshals.cards,available,2.5,32.21,high,low,8,dynadot,,,30/09/2026 18:01
af1bdf19-a93a-41c3-aff9-da8713b29bbe,aoc.cards,available,31.25,31.25,high,low,3,spaceship,,,30/09/2026 19:51
8b06ab96-b9ca-4e48-b71e-96fc066efdff,lovingly.cards,available,40.98,48.98,high,low,8,namecheap,,,14/09/2026 19:14
bcff0385-141d-4a15-ae77-e372998e8d59,agatha.cards,available,38.99,38.99,medium,low,6,namesilo,,,28/09/2026 12:02
d35fa0d1-0a64-4cf1-92ae-19bc5d82b43f,permits.cards,available,2.57,31.41,medium,low,7,porkbun,,,28/09/2026 23:51
7ebd8d7c-102f-4bd2-b80c-c7178364a576,crocked.cards,available,3.99,50.99,low,low,7,name.com,,,09/08/2026 15:34
e83adc4c-d9ce-4d51-9b37-1860dcba180e,syringe.cards,available,38.99,38.99,high,low,7,namesilo,,,30/09/2026 11:09
33c818f0-a7fd-41dc-adef-73995b083fa2,ascoma.cards,available,38.99,38.99,medium,low,6,namesilo,,,20/09/2026 13:22
9ece8a73-6f78-4efb-a968-b648390ba757,necklace.cards,available,2.5,32.21,high,low,8,dynadot,,,27/09/2026 14:59
683cc908-57f8-4e42-8a4b-a0a1cb1fed35,explained.cards,available,38.99,38.99,medium,low,9,namesilo,,,17/09/2026 15:48
f874e79e-037b-409b-aade-d711f2663a92,loamy.cards,available,3.99,50.99,medium,low,5,name.com,,,24/08/2026 08:15
e7d92133-4260-4838-8e3a-b0c7a265d259,aldrich.cards,available,40.98,48.98,medium,low,7,namecheap,,,28/09/2026 04:14
e8be5a52-5349-436d-b60d-cf104e35a7f5,unsociable.cards,available,3.99,50.99,medium,low,10,name.com,,,12/09/2026 20:09
c1483e25-32ac-4df9-aa8a-bd364fb21acc,fifth.cards,available,3.99,50.99,high,low,5,name.com,,,
68c9a7f8-283a-4bdf-b90a-b86227c49618,getaways.cards,available,40.98,48.98,medium,low,8,namecheap,,,20/09/2026 18:37
d250a9f7-e3b3-41d4-be7b-7ac4fe06dce7,berlage.cards,available,38.99,38.99,medium,low,7,namesilo,,,23/09/2026 09:36
fa893607-0256-4bdc-8bb9-3a8990738baf,spikes.cards,available,38.99,38.99,high,low,6,namesilo,,,30/09/2026 07:14
6d6044b1-1999-4fcd-bbe9-221a5de39bd2,fluid.cards,available,3.99,50.99,high,low,5,name.com,,,18/08/2026 09:14
9c2e4cc3-5964-40b3-a890-7c355dc9905b,pertinence.cards,available,38.99,38.99,medium,low,10,namesilo,,,19/09/2026 21:52
2ed03eaf-e270-403a-a976-e9046e289b57,abducent.cards,available,3.99,50.99,medium,low,8,name.com,,,
78d83cb8-7ac9-4330-b701-2ae82b3471fd,capped.cards,available,3.99,50.99,medium,low,6,name.com,,,11/08/2026 18:02
9cf60d63-ca2e-4655-b91a-daaa0999c15f,dlc.cards,available,38.99,38.99,high,low,3,namesilo,,,28/09/2026 12:11
9ee4c22c-7aca-4550-83c6-588b4b508113,adequately.cards,available,38.99,38.99,medium,low,10,namesilo,,,28/09/2026 11:47
328463c1-1b7b-4dd3-9c98-af5381907acd,macquarie.cards,available,31.25,31.25,high,low,9,spaceship,,,29/09/2026 09:16
3a66b9cf-d0c7-4709-91ee-48b130723711,runners.cards,available,38.99,38.99,high,low,7,namesilo,,,18/09/2026 06:01
9ceeb11f-3757-44a7-84f5-aaa05a7462bf,generation.cards,available,38.99,38.99,high,low,10,namesilo,,,24/09/2026 16:15
5fa541e4-a7a7-406b-8560-5a4d38dcb2e2,chthonian.cards,available,3.99,50.99,medium,low,9,name.com,,,12/08/2026 07:26
e04ddbf1-dbc3-496e-9e8b-db8f386742d6,vicarious.cards,available,38.99,38.99,medium,low,9,namesilo,,,13/09/2026 05:15
2f6061ff-7ae0-4793-acc4-c8395a52ae63,correlate.cards,available,38.99,38.99,high,low,9,namesilo,,,23/09/2026 23:49
cd238281-0133-430f-9f65-72aad851467a,fcc.cards,available,38.99,38.99,high,low,3,namesilo,,,25/09/2026 05:53
9b058961-d14a-4efd-87a6-6eda95361578,commission.cards,available,31.25,31.25,high,low,10,spaceship,,,29/09/2026 10:22
f5d3809a-b612-4b80-9d86-27215179b9ba,recorded.cards,available,40.98,48.98,high,low,8,namecheap,,,27/09/2026 10:58
ea43580d-c523-4ca6-81e3-65b252e668a6,eery.cards,available,3.99,50.99,medium,low,4,name.com,,,15/08/2026 12:45
d0942b58-c5c5-40b9-bc5b-2a5d0e62ca39,difficulty.cards,available,38.99,38.99,high,low,10,namesilo,,,29/09/2026 14:54
b6fb2ad1-7302-4ec0-bfd9-e22facdf8ed7,anglia.cards,available,38.99,38.99,medium,low,6,namesilo,,,19/09/2026 06:45
3c1a2264-07df-4436-afcc-fa0e8fd64613,baulk.cards,available,3.99,50.99,medium,low,5,name.com,,,14/08/2026 04:57
b721e5fe-581f-459d-9a15-c2305554c3dc,peanuts.cards,available,31.25,31.25,high,low,7,spaceship,,,28/09/2026 02:53
b73aa76f-3c2b-4c9f-a313-522e007d1ce2,sextuple.cards,available,38.99,38.99,medium,low,8,namesilo,,,10/09/2026 05:19
91aac14d-ca6d-46fb-a261-80e98816fae5,gita.cards,available,38.99,38.99,medium,low,4,namesilo,,,23/09/2026 12:33
34aed219-60b1-42db-b2ee-d3dc46d26fff,poulet.cards,available,3.99,50.99,medium,low,6,name.com,,,12/08/2026 04:55
5cb0f5b0-9af6-41be-97e3-e9d0c84ae932,shelf.cards,available,38.99,38.99,high,low,5,namesilo,,,30/09/2026 02:43
965c99f0-a07c-4365-8940-35da5ef57892,downplay.cards,available,38.99,38.99,high,low,8,namesilo,,,21/09/2026 15:36
4dd9a5e0-671e-4670-beef-a9c186cb675d,peas.cards,available,38.99,38.99,medium,low,4,namesilo,,,18/09/2026 10:13
d6c405c4-cdce-40a0-a398-d6e7ad30e7c0,grouped.cards,available,3.99,50.99,medium,low,7,name.com,,,20/08/2026 20:22
5915c570-6a0e-4a59-a860-9cf2d87c6c0a,shareholder.cards,available,2.57,31.41,high,low,11,porkbun,,,30/09/2026 03:52
af3bb1fd-fab2-4884-8870-790dc4e4dfc3,barefaced.cards,available,3.99,50.99,medium,low,9,name.com,,,08/08/2026 09:20
0e796809-ad6c-45fc-bbce-616696472583,combatant.cards,available,3.99,50.99,medium,low,9,name.com,,,09/08/2026 13:29
67fe5684-edd3-4cd9-8641-e2310072c74a,exhausting.cards,available,3.99,50.99,medium,low,10,name.com,,,14/08/2026 18:21
b8756f80-df01-4adc-a146-d2cc80ce848b,matthias.cards,available,2.57,31.41,high,low,8,porkbun,,,27/09/2026 19:32
f64d3dac-fcd1-4d95-b4eb-3d2ac3c7a93c,burp.cards,available,40.98,48.98,high,low,4,namecheap,,,23/09/2026 04:37
12ccf30c-4079-4919-bccf-f376f1ca0b0f,stated.cards,available,40.98,48.98,high,low,6,namecheap,,,10/09/2026 19:08
2aee073a-6c48-480d-8f22-0d7cfe7e30a7,adding.cards,available,3.99,,high,low,6,name.com,,,
1bd9afb3-29a4-475f-b4bc-9a2f28e3ede1,bruckner.cards,available,38.99,38.99,medium,low,8,namesilo,,,19/09/2026 15:26
5f482ce8-943e-430b-a367-3a62f88d3def,guido.cards,available,38.99,38.99,high,low,5,namesilo,,,27/09/2026 06:38
2d35acd2-51e9-4962-a967-3e0b6ad39af7,habitable.cards,available,3.99,50.99,high,low,9,name.com,,,20/08/2026 21:25
57d7386b-b6ed-4076-ad67-1d339bc501cd,boulder.cards,available,31.25,31.25,medium,low,7,spaceship,,,28/09/2026 13:35
5ba3b214-c666-4da5-b04d-faaf7a3e80a9,audrey.cards,available,38.99,38.99,high,low,6,namesilo,,,25/09/2026 14:38
e4bad75d-acad-460e-914c-cb2f2078d132,invigorate.cards,available,38.99,38.99,high,low,10,namesilo,,,22/09/2026 04:52
519429c2-cd9b-42e7-8ec9-4a453161d0bb,abdul.cards,available,38.99,38.99,high,low,5,namesilo,,,27/09/2026 07:21
3ef599fb-7f5c-4b9a-baf0-f9c9176d5827,enzymes.cards,available,30.2,30.2,medium,low,7,cloudflare,,,30/09/2026 14:37
ad07bd24-f9a9-4d96-af2a-2bab69f75987,histories.cards,available,31.25,31.25,medium,low,9,spaceship,,,30/09/2026 07:13
11ddff67-74d0-4add-a3bf-0b63e6262638,tough.cards,available,38.99,38.99,high,low,5,namesilo,,,22/09/2026 16:19
0df097f8-47a5-459c-b59d-790173dc2f04,gip.cards,available,38.99,38.99,medium,low,3,namesilo,,,14/09/2026 08:07
5b7bbf97-8d76-4b1a-ba73-002e430ace99,klamath.cards,available,31.25,31.25,high,low,7,spaceship,,,28/09/2026 06:07
fc63e462-3a94-4049-b022-3719991a6c88,lp.cards,premium,500,,high,low,3,name.com,,,30/09/2026 01:45
b27f7bf5-c63b-47cc-9caa-c0c99a31ee75,complimentary.cards,available,2.57,31.41,medium,low,13,porkbun,,,30/09/2026 04:02
b49aab9a-3145-42ca-8695-7b89f550caaa,ballplayer.cards,available,38.99,38.99,high,low,11,namesilo,,,21/09/2026 23:25
6e942af3-071a-4f59-86d9-54171b7cb7cf,heptad.cards,available,3.99,50.99,medium,low,6,name.com,,,
883b7660-6f7c-4534-bcd6-c17419856449,ghostlike.cards,available,3.99,50.99,medium,low,9,name.com,,,06/08/2026 05:23
d5b47f0e-a3d1-4785-8589-68e298b0046f,grindle.cards,available,40.98,48.98,medium,low,7,namecheap,,,18/09/2026 21:21
f6379a2c-03a1-45e0-ae33-5636b1bb4cef,performs.cards,available,3.99,,medium,low,8,name.com,,,
39f78495-79cf-4466-bd45-a09023a576f0,aegis.cards,available,38.99,38.99,high,medium,5,namesilo,,,17/09/2026 12:19
9fa14cb8-1e67-406f-9868-6573a25775b7,asserted.cards,available,3.99,50.99,medium,low,8,name.com,,,07/08/2026 05:54
67a0802c-ae53-47ba-8980-88c9fe9be114,cottony.cards,available,3.99,50.99,medium,low,7,name.com,,,13/08/2026 03:26
924fe8b6-1792-4df5-83d7-2b70eec6ef59,artesian.cards,available,3.99,50.99,medium,low,8,name.com,,,06/08/2026 22:39
8aa2c02a-1ed8-41ea-af37-ef28b7aa0c01,dean.cards,available,40.98,48.98,high,low,4,namecheap,,,27/09/2026 03:39
842dfb7d-fd16-4a0f-ae7b-2d3578f9d09c,searching.cards,available,38.99,38.99,high,low,9,namesilo,,,25/09/2026 09:44
89873b68-f902-4aab-bd51-f5568e574815,hecht.cards,available,38.99,38.99,high,low,5,namesilo,,,23/09/2026 07:20
16bd088d-7dac-4a4d-901a-b0e4feed4312,postcards.cards,available,38.99,38.99,high,low,9,namesilo,,,18/09/2026 23:33
a7b61a18-fbbc-48fc-a8f8-0cccb3fdc47e,solomons.cards,available,38.99,38.99,medium,low,8,namesilo,,,30/09/2026 18:46
bc084e54-eda5-4058-a22a-99f4a3935bf9,evenings.cards,available,2.5,32.21,medium,low,8,dynadot,,,29/09/2026 05:28
697e1d5b-1e05-46f1-b2b3-4365ac54b44f,daughters.cards,available,38.99,38.99,medium,low,9,namesilo,,,17/09/2026 17:42
c98680a6-5fdd-4365-80e0-e36c2f76a846,rizal.cards,available,38.99,38.99,medium,low,5,namesilo,,,30/09/2026 14:01
eca96d3c-a29c-4063-9ffa-e73d893ac3e4,antibiotics.cards,available,38.99,38.99,low,low,11,namesilo,,,28/09/2026 13:28
a48c7464-8b66-4a70-a02d-e9d21b532648,pathologic.cards,available,3.99,50.99,medium,low,10,name.com,,,14/08/2026 10:11
4a62c100-9daa-4400-9de4-1843ced74827,gossip.cards,available,38.99,38.99,high,low,6,namesilo,,,24/09/2026 13:15
a94eafed-e6ea-482b-8c4a-b18b534f4ee4,abyssal.cards,available,3.99,50.99,medium,low,7,name.com,,,
ff452fae-0140-48d4-8bfe-a76ea82d3b6c,burred.cards,available,3.99,50.99,medium,low,6,name.com,,,08/08/2026 17:23
45f144ba-69f7-4eb6-9d0b-40ddbf874a79,omnivorous.cards,available,38.99,38.99,medium,low,10,namesilo,,,04/09/2026 13:56
dd5ad079-c57a-43cc-bb0f-53d59ca65c75,infield.cards,available,38.99,38.99,high,low,7,namesilo,,,22/09/2026 10:07
4dbae0d9-9391-4b16-91ad-2c2b110e3baa,ornamental.cards,available,3.99,50.99,high,low,10,name.com,,,13/08/2026 02:53
40a69b7b-e072-422b-850c-2def7c791cbd,earnestly.cards,available,38.99,38.99,medium,low,9,namesilo,,,14/09/2026 14:58
16d3eb0f-09aa-408a-b8c5-e246c8611b19,nonpolar.cards,available,40.98,48.98,medium,low,8,namecheap,,,03/09/2026 20:17
a7edc9ca-f617-48db-8750-fb1272442056,mahmoud.cards,available,38.99,38.99,medium,low,7,namesilo,,,29/09/2026 04:11
db07397d-5573-4c65-b6a9-f44af34d24dc,intrinsic.cards,available,38.99,38.99,high,low,9,namesilo,,,25/09/2026 10:55
0e6b6a51-73b6-4c53-9366-c7065cdff715,parity.cards,available,38.99,38.99,high,low,6,namesilo,,,24/09/2026 13:55
90d1f2fe-bd3e-4b78-8d60-d5d6db0b0cef,trivial.cards,available,40.98,48.98,high,low,7,namecheap,,,24/09/2026 17:54
5a897a91-6a20-4c88-812f-c36244917d49,cabinet.cards,available,38.99,38.99,high,low,7,namesilo,,,24/09/2026 11:32
1064f762-b038-4d35-aef2-181df5d2645f,alley.cards,available,31.25,31.25,medium,low,5,spaceship,,,28/09/2026 20:31
54523f84-0f04-4990-985d-18d41bb66e90,coffeehousing.cards,available,40.98,48.98,medium,low,13,namecheap,,,20/09/2026 21:09
f1173b13-2375-4388-b454-2e31f41cd119,feeding.cards,available,38.99,38.99,high,low,7,namesilo,,,25/09/2026 22:30
2aa64609-5c31-4587-8f98-1dd65eb4295f,amplifiers.cards,available,38.99,38.99,medium,low,10,namesilo,,,17/09/2026 07:12
4a8cdf97-c811-45ea-8fa2-a08b8047616e,cesar.cards,available,38.99,38.99,medium,low,5,namesilo,,,30/09/2026 05:33
57209410-5830-4373-9977-405ae1e43b86,imagery.cards,available,31.25,31.25,high,low,7,spaceship,,,29/09/2026 19:16
e97e1c3e-e76d-4581-b149-e3b2773a0a63,upcountry.cards,available,3.99,50.99,medium,low,9,name.com,,,24/08/2026 22:37
a1d1f553-a921-4ab3-a9dd-36b26386bdc9,repellent.cards,available,3.99,50.99,medium,low,9,name.com,,,14/08/2026 10:39
6137520a-5705-4a10-940f-385fb8570e2a,armorial.cards,available,3.99,50.99,medium,low,8,name.com,,,06/08/2026 20:15
b4972101-46ab-4a38-a96b-61714db4d729,injurious.cards,available,3.99,50.99,medium,low,9,name.com,,,14/08/2026 00:30
4479a964-9ce6-45b8-8ca9-d725c47b00c6,squeezing.cards,available,38.99,38.99,high,low,9,namesilo,,,30/09/2026 18:49
f81ce5d5-2866-4c64-bf3b-d6550ca09120,trier.cards,available,38.99,38.99,medium,low,5,namesilo,,,21/09/2026 01:21
38d132f8-3463-4407-833f-54bb0bb62134,cosigner.cards,available,3.99,50.99,medium,low,8,name.com,,,13/08/2026 02:49
6704be10-a9c7-473b-bea0-7ef842dd424f,paducah.cards,available,38.99,38.99,high,low,7,namesilo,,,30/09/2026 10:47
67bb4076-3f84-418e-987a-88cd56ddfb3d,hughes.cards,available,40.98,48.98,high,low,6,namecheap,,,25/09/2026 04:10
5ec9cf91-b1c2-4111-90cc-b2a9b844f8a6,voices.cards,available,3.99,,medium,low,6,name.com,,,
d60f4340-c0d9-4052-8cf8-06164d997f47,lichfield.cards,available,31.25,31.25,medium,low,9,spaceship,,,30/09/2026 12:48
5e8e33ee-587a-4c9f-a056-e7535b6b1699,coplanar.cards,available,3.99,50.99,medium,low,8,name.com,,,13/08/2026 00:32
2107d255-2f99-41da-a9bc-74b4a8ee14f1,immunized.cards,available,3.99,50.99,medium,low,9,name.com,,,21/08/2026 21:30
06dc801a-1168-4c11-be21-91646fe11c0f,tartness.cards,available,38.99,38.99,medium,low,8,namesilo,,,17/09/2026 03:12
74b800be-0f71-4897-933e-d19db7534716,interpreted.cards,available,38.99,38.99,high,low,11,namesilo,,,30/09/2026 06:10
fee81ea3-2635-4b03-80a1-5e6c544e5e26,nicaraguan.cards,available,38.99,38.99,medium,low,10,namesilo,,,03/09/2026 17:03
eac20ac5-4ad9-4fa1-9739-ff0b93fa92ff,berceuse.cards,available,38.99,38.99,high,low,8,namesilo,,,23/09/2026 09:10
996e4908-3478-44b8-b969-0cd0c932489b,retrovir.cards,available,38.99,38.99,medium,low,8,namesilo,,,21/09/2026 11:31
ef5b94b1-745a-4c85-8aea-207075e69d02,grover.cards,available,31.25,31.25,medium,low,6,spaceship,,,29/09/2026 09:39
af0b3c45-02be-4e03-9a71-77eecc3f4ef5,suburban.cards,available,38.99,38.99,high,low,8,namesilo,,,11/09/2026 00:54
20ffb9b6-878c-4f37-9f5e-540c242bf995,caesarean.cards,available,3.99,50.99,medium,low,9,name.com,,,11/08/2026 13:05
ff746974-eb29-4a89-b913-006094370581,cyclical.cards,available,3.99,50.99,high,low,8,name.com,,,13/08/2026 13:34
a0cb7055-3710-46c4-b4e6-07a8ef9e445e,assertion.cards,available,38.99,38.99,high,low,9,namesilo,,,20/09/2026 16:14
e1d98c91-cd93-4dce-a704-98de8486d96b,apposition.cards,available,40.98,48.98,medium,low,10,namecheap,,,19/09/2026 22:03
fda4401b-30cf-44ed-aef2-db2d4d87b703,enliven.cards,available,38.99,38.99,high,low,7,namesilo,,,22/09/2026 04:56
092099f8-1aeb-4f82-88cf-b35d86d2ec6c,froze.cards,available,3.99,,medium,low,5,name.com,,,
e63b4be6-400e-4bb1-8d87-a79290098951,azide.cards,available,38.99,38.99,medium,low,5,namesilo,,,21/09/2026 11:12
c535bba3-9be8-4267-8f4a-faabe309fdc9,litigate.cards,available,38.99,38.99,medium,low,8,namesilo,,,17/09/2026 05:06
71f543fe-0cca-44e7-82f8-30c5d59210bf,sent.cards,available,38.99,38.99,high,low,4,namesilo,,,19/09/2026 16:10
aaeab1d7-36c1-4821-9ccc-fc649e2c7bc6,babble.cards,available,38.99,38.99,high,low,6,namesilo,,,21/09/2026 12:19
e56d69ba-74f6-4f90-83ea-4b3ead20544f,rubidium.cards,available,40.98,48.98,medium,low,8,namecheap,,,20/09/2026 22:58
47fee9ba-cdfd-482c-bbf6-bb4d1a0eaed2,kosovo.cards,available,38.99,38.99,high,low,6,namesilo,,,25/09/2026 23:25
5d995dca-5a1e-4844-81c5-1eb1db4fcab1,searches.cards,available,38.99,38.99,medium,low,8,namesilo,,,20/09/2026 07:30
b7163b5f-cb36-43db-852d-6e456415649b,gangster.cards,available,38.99,38.99,medium,low,8,namesilo,,,28/09/2026 09:51
765a032a-2fba-438f-8f94-c4d19ab042bd,strabismus.cards,available,40.98,48.98,medium,low,10,namecheap,,,10/09/2026 17:49
10035158-b832-4faa-81c4-a0ed437b8547,foreshadow.cards,available,38.99,38.99,high,low,10,namesilo,,,21/09/2026 03:32
ad847094-b064-42a1-95ec-1862fd1c261e,dynamical.cards,available,3.99,50.99,high,low,9,name.com,,,14/08/2026 21:57
5eb2a47b-d46b-4541-af8e-90b7c3d4aba7,surprises.cards,available,38.99,38.99,medium,low,9,namesilo,,,20/09/2026 10:56
2361b852-62ea-48f7-a4fe-4c01794724ad,gargantuan.cards,available,3.99,50.99,medium,low,10,name.com,,,16/08/2026 03:33
2320421f-4a2e-4e91-b8c3-3af4700abe0d,tingle.cards,available,38.99,38.99,medium,low,6,namesilo,,,11/09/2026 16:11
451f5b9c-71cb-48c3-96f2-948d74c92085,oxycontin.cards,available,38.99,38.99,medium,low,9,namesilo,,,20/09/2026 00:25
8fbdb5b8-f7bf-4532-83cd-07a1d964946f,bathrobe.cards,available,38.99,38.99,high,low,8,namesilo,,,22/09/2026 13:50
59a7a47d-0dd3-4dfb-bece-d2e0fd358ff5,kirkland.cards,available,,,high,high,8,,,,
b800f484-afe9-4e3c-92cd-0a07482bfe89,williamsport.cards,available,38.99,38.99,medium,low,12,namesilo,,,29/09/2026 15:53
546df168-6280-480e-ae4a-d49c57450171,apatite.cards,available,38.99,38.99,medium,low,7,namesilo,,,19/09/2026 16:18
ef8c099e-34c9-49d4-9389-52a887aeafb2,frayed.cards,available,3.99,50.99,medium,low,6,name.com,,,18/08/2026 14:25
4c7fce6c-8e17-4005-b29e-d201379d1177,wriggling.cards,available,38.99,38.99,medium,low,9,namesilo,,,13/09/2026 13:41
f520ca2f-9acb-4cab-ba1f-9a74d9a9e2b0,untaught.cards,available,40.98,48.98,medium,low,8,namecheap,,,12/09/2026 18:56
08a3b0bc-dd94-4043-b228-911e5081b6d1,rodrigues.cards,available,30.2,30.2,medium,low,9,cloudflare,,,29/09/2026 04:31
28e19d62-a56a-46a7-b9da-0fc4390086da,billed.cards,available,3.99,50.99,high,low,6,name.com,,,09/08/2026 21:23
e3f420d5-67a7-48b6-94b9-14b008aaf4bf,seaside.cards,available,38.99,38.99,high,low,7,namesilo,,,30/09/2026 10:48
8b88c6dd-33c3-48cf-a71e-0fe858cff8f1,categorically.cards,available,3.99,,medium,low,13,name.com,,,
596d2306-1d15-42a8-b175-6a27c316a9c9,hagerstown.cards,available,30.2,30.2,medium,low,10,cloudflare,,,29/09/2026 19:06
32245f82-085b-496c-9d79-54b6eda4102f,bumpy.cards,available,3.99,50.99,medium,low,5,name.com,,,11/08/2026 09:48
de731a6d-aadc-41eb-b958-db1d4a00f8da,swore.cards,available,40.98,48.98,medium,low,5,namecheap,,,28/09/2026 04:28
86128f73-bd16-499a-baa4-16020a55c0b7,enjoyed.cards,available,38.99,38.99,medium,low,7,namesilo,,,25/09/2026 20:42
bc07b88c-43db-4ab8-a99f-75dd46cc88a7,softback.cards,available,38.99,38.99,high,low,8,namesilo,,,05/09/2026 01:13
1be90a82-0e26-4ea8-ab1f-661568d76fd3,diagnosis.cards,available,3.99,50.99,high,low,9,name.com,,,24/09/2026 22:08
30c74630-5cb4-4efc-a1f4-9ee1348b3652,basiliscus.cards,available,38.99,38.99,medium,low,10,namesilo,,,22/09/2026 10:53
462384ad-244c-4f2f-82a1-a4edb5348f81,snake.cards,available,38.99,38.99,high,low,5,namesilo,,,30/09/2026 06:09
05398e98-f788-4462-91b1-615f07cf9164,diabolic.cards,available,3.99,50.99,medium,low,8,name.com,,,14/08/2026 01:28
608e5972-92a4-4d66-90f6-9e7a27c0c950,xxx.cards,premium,500,500,high,medium,3,name.com,,,
f580d24d-1b38-4da8-b32f-4629f7823745,homing.cards,available,3.99,50.99,medium,low,6,name.com,,,21/08/2026 12:35
9f2fa1cd-545f-4bf8-8d7d-7dd9fcc22bb5,lawrence.cards,available,38.99,38.99,high,low,8,namesilo,,,25/09/2026 04:32
88db372d-f3a1-4b84-904d-fa99411e43f5,ergodic.cards,available,3.99,50.99,medium,low,7,name.com,,,17/08/2026 12:09
e8b550e7-da0d-4026-882c-a3a822e53b9e,diligence.cards,available,40.98,48.98,high,low,9,namecheap,,,29/09/2026 14:59
13dce49b-2524-4da5-bc4b-a033e6249c7e,entangle.cards,available,3.99,50.99,medium,low,8,name.com,,,24/08/2026 16:54
306a62fb-f230-419a-a228-82b32de9bf09,demons.cards,available,40.98,48.98,low,low,6,namecheap,,,25/09/2026 21:42
589c6918-7327-481d-8b7c-540b23fcbc30,oxidative.cards,available,38.99,38.99,medium,low,9,namesilo,,,04/09/2026 22:23
28d4d166-6433-43da-bfa4-e098ecd18eaa,punic.cards,available,3.99,50.99,medium,low,5,name.com,,,11/08/2026 19:51
fca7438c-302b-4334-ba8c-22161ce1e586,arak.cards,available,38.99,38.99,medium,low,4,namesilo,,,19/09/2026 23:47
b52941aa-f513-4835-9168-ef30cb18cc6c,caretaker.cards,available,38.99,38.99,high,low,9,namesilo,,,28/09/2026 13:39
47c70aa8-160a-458c-ab13-d45bfdef0044,cunningham.cards,available,38.99,38.99,high,low,10,namesilo,,,25/09/2026 04:27
d0602543-425a-43d6-a871-55bbfc82b772,changer.cards,available,40.98,48.98,high,low,7,namecheap,,,21/09/2026 05:31
09f41e2e-f16d-408d-8989-92977ef06cd5,money.cards,premium,854,854,high,medium,5,namesilo,,,30/09/2026 05:05
a9a5e8ee-5fb5-4fc8-879b-bd33ff0517fd,ripe.cards,available,40.98,48.98,high,low,4,namecheap,,,27/09/2026 15:25
b75aaaff-12ea-4c24-a267-59a1f6195455,glowingly.cards,available,38.99,38.99,medium,low,9,namesilo,,,14/09/2026 21:48
7ba41ebd-b844-4166-8a33-a9ee5466d0b7,sweater.cards,available,38.99,38.99,high,low,7,namesilo,,,28/09/2026 06:35
76948f1f-8274-4680-8190-e6259bca558d,exceptionally.cards,available,38.99,38.99,medium,low,13,namesilo,,,29/09/2026 03:12
8c7b88f4-483f-4478-a484-68cd39e606cd,fireman.cards,available,38.99,38.99,high,low,7,namesilo,,,29/09/2026 06:56
de2a8006-3064-4d56-874f-813035caab2f,soleless.cards,available,38.99,38.99,low,low,8,namesilo,,,10/09/2026 13:37
6b0ecb6b-ef96-4aea-b376-7c0793495c1a,city.cards,resell,,,high,medium,4,"GoDaddy.com, LLC",23/01/2018 12:33,23/01/2027 12:33,29/09/2026 09:34
3f5cc0f4-eeb8-46c4-b5eb-47517a86dbf7,unsung.cards,available,40.98,48.98,medium,low,6,namecheap,,,12/09/2026 20:49
466f13b6-52f9-4410-9f94-8c4d035f7968,toitoi.cards,available,38.99,38.99,medium,low,6,namesilo,,,20/09/2026 12:23
79b08c73-9227-4459-8e94-d6da437f487a,pucka.cards,available,38.99,38.99,medium,low,5,namesilo,,,09/09/2026 05:26
b151ef81-de06-4e35-a4fb-a358528fc077,revolver.cards,available,2.5,32.21,high,low,8,dynadot,,,28/09/2026 20:20
0a538cd0-99ff-494c-abd0-9a097955da06,redstart.cards,available,40.98,48.98,high,low,8,namecheap,,,18/09/2026 20:37
91ab14f6-bea6-4d6f-9650-ccdfa5eaa128,angle.cards,available,38.99,38.99,high,low,5,namesilo,,,25/09/2026 13:22
a653d0ef-fd2f-4c41-a8f3-f9693f865678,dustbin.cards,available,38.99,38.99,medium,low,7,namesilo,,,20/09/2026 13:42
db8344ca-f2ec-40e2-8f7e-a458f72e75c3,unproven.cards,available,38.99,38.99,medium,low,8,namesilo,,,12/09/2026 17:33
500d2443-3a4c-4022-836c-9b04daa0310c,tilefish.cards,available,38.99,38.99,medium,low,8,namesilo,,,24/09/2026 04:04
6e700b3b-b875-42ea-b447-2424d04becc6,infantile.cards,available,3.99,50.99,medium,low,9,name.com,,,12/08/2026 05:04
3144d83d-41a4-49a9-837f-30f11cb19ee4,attired.cards,available,3.99,50.99,medium,low,7,name.com,,,06/08/2026 04:47
d874b5fe-9fba-4f63-ac20-275ac12ae985,generating.cards,available,3.99,,medium,low,10,name.com,,,
7602b7e8-3c9b-4dfd-ab26-b85c94ea3dbb,overtime.cards,available,30.2,30.2,high,low,8,cloudflare,,,28/09/2026 16:30
79d2ca4c-087b-4c7b-88fa-dfc596e87c26,comforted.cards,available,40.98,48.98,high,low,9,namecheap,,,23/09/2026 15:14
0f31b82a-f26e-4da3-8847-f70ce5fa343b,tottenham.cards,available,40.98,48.98,medium,low,9,namecheap,,,29/09/2026 22:19
3e2f021d-cf18-43f1-8af9-9906ae58287a,expectations.cards,available,40.98,48.98,medium,low,12,namecheap,,,28/09/2026 08:38
13d0cf20-15b7-4df6-a97f-ee74345eda44,baryon.cards,available,38.99,38.99,medium,low,6,namesilo,,,22/09/2026 09:41
f8e4ba01-2005-4222-9818-018d8fa37e43,filaria.cards,available,38.99,38.99,medium,low,7,namesilo,,,18/09/2026 06:14
5d60a0c0-7f50-4ea3-940d-5cee89522d70,spears.cards,available,31.25,31.25,medium,low,6,spaceship,,,29/09/2026 05:36
e2ca105b-2984-4a4b-a0d0-3367df185f81,remotely.cards,available,38.99,38.99,medium,low,8,namesilo,,,15/09/2026 23:10
00e01d40-d4f0-461c-b5c7-ddfff6c5de65,dion.cards,available,40.98,48.98,medium,low,4,namecheap,,,28/09/2026 09:08
e07b230c-7c22-4e0e-88e9-0f2ce3c0ed62,overdue.cards,available,38.99,38.99,medium,low,7,namesilo,,,26/09/2026 03:28
dd7801b9-3d61-47f5-a411-bdaf8c8c645d,nonsuch.cards,available,3.99,50.99,medium,low,7,name.com,,,03/09/2026 20:15
b3be373e-12b4-4358-a930-7394f4993496,presently.cards,available,31.25,31.25,medium,low,9,spaceship,,,28/09/2026 13:26
c4677979-827f-41dc-8856-fd9b502e9e9a,gloriously.cards,available,38.99,38.99,medium,low,10,namesilo,,,14/09/2026 21:45
0724f5cc-2f2f-4325-b704-108814110fb1,awakened.cards,available,38.99,38.99,high,low,8,namesilo,,,22/09/2026 14:47
63db0941-0e03-4293-9d1b-ce91db5616b0,amorpha.cards,available,38.99,38.99,medium,low,7,namesilo,,,18/09/2026 22:43
588f60a2-4b55-4d53-ad17-6dab3d120b6f,revival.cards,available,38.99,38.99,high,low,7,namesilo,,,29/09/2026 02:02
1d54f437-80af-48ce-b6fa-a2132c424ade,lastly.cards,available,30.2,30.2,medium,low,6,cloudflare,,,28/09/2026 15:27
1e4a6e36-fb8d-44f8-aa65-b13371479ab7,bowling.cards,available,38.99,38.99,high,low,7,namesilo,,,27/09/2026 03:22
eef06d02-22ad-4eaf-93ca-9745b3446814,courteous.cards,available,38.99,38.99,high,low,9,namesilo,,,24/09/2026 00:40
a350a035-dac2-424f-b561-1f16bb8bcccf,heavens.cards,available,3.99,50.99,high,low,7,name.com,,,16/08/2026 21:00
a474fafc-ac54-4d82-898b-049b5369622d,josiah.cards,available,3.99,50.99,medium,low,6,name.com,,,27/09/2026 01:34
0d5071c8-4296-40d2-b3ec-13e809f4b960,conviction.cards,available,40.98,48.98,high,low,10,namecheap,,,24/09/2026 18:01
8293fba1-6712-4610-b56e-85a7f2e5e308,tuppeny.cards,available,38.99,38.99,medium,low,7,namesilo,,,10/09/2026 09:12
9d0f7854-faa9-4038-9858-1424fa4507db,loyola.cards,available,38.99,38.99,medium,low,6,namesilo,,,25/09/2026 07:44
44afa8b8-67ba-44eb-8fe6-d2f5cbf7d48b,ruth.cards,available,38.99,38.99,high,low,4,namesilo,,,21/09/2026 12:34
0962ce96-169c-4a71-8ff9-3711a5787a07,chairman.cards,available,38.99,38.99,high,low,8,namesilo,,,29/09/2026 07:55
8aaf193b-ff66-4ed7-bd43-7359a636c8ea,benevolent.cards,available,3.99,50.99,high,low,10,name.com,,,09/08/2026 14:27
59f40ede-2d56-4a0e-b7d6-13a2acbeeed3,unhindered.cards,available,38.99,38.99,medium,low,10,namesilo,,,12/09/2026 11:55
d5822960-46eb-4b1e-a0a5-25898595c2d5,bastard.cards,available,3.99,50.99,medium,low,7,name.com,,,08/08/2026 23:19
e542e614-0271-406b-a318-2e855240eb7e,hurricane.cards,available,38.99,38.99,high,low,9,namesilo,,,27/09/2026 14:11